candidate_id,name,office_full,party_full,is_incumbent,receipts,disbursements,cash_on_hand_end_period,pac_money,loans
91527,Matthew Skeeter Abbott,"State Representative (District 55)|Glades, Highlands, Okeechobee",REP,N,0.0,32.1,2467.9,0.0,2500.0
88747,Shane Abbott,"State Representative (District 5)|Santa Rosa (Part), Okaloosa (Part)",REP,Y,130028.4,42321.14,87707.26,0.0,0.0
89084,Keith Abel,State Representative (District 98)|Indian River,DEM,N,2221.0,4571.41,194.59000000000015,0.0,2545.0
90433,Dean Ocean Abrams,Governor|Statewide (All 67 Counties),NPA,N,0.0,6538.61,961.79,0.0,7500.4
88917,Jonathan Albert,State Representative (District 48)|Osceola (Part),REP,Y,83400.0,16646.96,66753.04000000001,0.0,0.0
88816,Daniel Danny Alvarez,State Representative (District 69)|Lake (Part),REP,Y,105400.0,23421.78,81978.22,0.0,0.0
89005,Jose Alvarez,State Representative (District 46)|Orange (Part),DEM,Y,70850.0,48764.63,27085.370000000003,0.0,5000.0
89291,Jane Aman,State Representative (District 37)|Seminole (Part),DEM,N,60198.59,46220.7,14477.89,0.0,500.0
88741,Adam C. Anderson,State Representative (District 57)|Polk (Part),REP,Y,122685.0,39168.58,83516.42,0.0,0.0
90612,Kathy Anderson,Governor|Statewide (All 67 Counties),WRI,N,0.0,0.0,0.0,0.0,0.0
89796,Christopher Anger,State Representative (District 53)|Brevard (Part),CPF,N,100.0,1834.77,275.23,0.0,2010.0
88940,Yoni Anijar,"State Representative (District 100)|St. Lucie (Part), Martin (Part)",REP,N,36103.01,43698.58,227404.43,0.0,235000.0
89892,Robert Anzalone,State Representative (District 49)|Osceola (Part),DEM,N,2793.24,2449.65,343.5899999999997,0.0,0.0
89310,Lucia Baez-Geller,State Representative (District 106)|Palm Beach (Part),DEM,N,73035.76,138807.48,184228.28,0.0,250000.0
88832,Jessica Baker,State Representative (District 17)|Duval (Part),REP,Y,88478.1,8168.63,80309.47,0.0,0.0
90988,Mark Leland Baker,State Representative (District 23)|Clay (Part),DEM,N,144.66,1781.82,382.72,0.0,2019.88
90930,Jordyn Guadalupe Balderas,State Representative (District 34)|Volusia (Part),DEM,N,2435.0,2049.07,385.92999999999984,0.0,0.0
90808,Gerald Baldi,State Senator (District 20)|Hillsborough (Part),DEM,N,2485.0,112.72,2372.28,0.0,0.0
88861,Doug Bankson,"State Representative (District 39)|Orange (Part), Seminole (Part)",REP,Y,43467.05,21598.87,21868.180000000004,0.0,0.0
89018,Cindy Banyai,State Representative (District 78)|Hillsborough (Part),DEM,N,6117.0,5021.68,1525.37,0.0,430.05
88958,Webster Barnaby,State Representative (District 29)|St. Johns (Part),REP,Y,63313.76,9556.06,53757.700000000004,0.0,0.0
89609,Bruno A. Barreiro,State Representative (District 113)|Broward (Part),REP,N,19500.0,79045.08,40454.92,0.0,100000.0
90910,Doug Barrow,State Representative (District 94)|Lee (Part),NPA,N,7000.0,1526.49,5473.51,0.0,0.0
88901,Robin Bartleman,State Representative (District 103)|Palm Beach (Part),DEM,Y,112018.0,3573.98,108444.02,0.0,0.0
88924,Fabian Basabe,State Representative (District 106)|Palm Beach (Part),REP,Y,82350.0,69679.48,28670.520000000004,0.0,16000.0
92618,James Hunter Batley,"State Representative (District 10)|Washington, Holmes, Jackson, Calhoun, Liberty, Gadsden (Part)",WRI,N,0.0,0.0,0.0,0.0,0.0
89411,Bryan Beckman,State Representative (District 58)|Polk (Part),DEM,N,85366.26,16142.52,69223.73999999999,0.0,0.0
90287,Jason Bellamy-Fults,"State Senator (District 6)|Baker, Columbia (Part), Union, Bradford, Clay, Alachua (Part), Putnam (Part)",DEM,N,26056.24,19015.68,9337.580000000002,0.0,2297.02
88829,Yvette Benarroch,State Representative (District 81)|Hillsborough (Part),REP,Y,131725.0,11976.22,119748.78,0.0,0.0
88927,Kimberly Kim Berfield,State Representative (District 58)|Polk (Part),REP,Y,126650.0,65413.57,61236.43,0.0,0.0
88562,Mack Bernard,State Senator (District 24)|Pinellas (Part),DEM,Y,20975.0,4872.58,16102.42,0.0,0.0
90667,Tricia Berry,State Representative (District 6)|Okaloosa (Part),REP,N,222306.0,21090.5,201215.5,0.0,0.0
89868,Pamala Kaye Bivins,State Representative (District 52)|Brevard (Part),DEM,N,1308.41,203.9,1104.51,0.0,0.0
88827,Dean Black,"State Representative (District 15)|Nassau, Duval (Part)",REP,Y,99961.88,54172.11,95789.77,0.0,50000.0
89015,Omar Blanco,State Representative (District 115)|Broward (Part),REP,Y,120335.0,8764.83,111570.17,0.0,0.0
90390,Darryl Block,State Representative (District 36)|Seminole (Part),DEM,N,4835.77,6063.32,10272.45,0.0,11500.0
89649,Lisette Bonano,"State Representative (District 67)|Marion (Part), Lake (Part)",REP,N,910.0,571.01,338.99,0.0,0.0
88930,Anthony Bonna,State Representative (District 85)|Manatee (Part),REP,N,136125.94,31502.3,104623.64,0.0,0.0
88787,Lauren Book,State Senator (District 30)|Palm Beach (Part),DEM,N,247840.55,65340.56,207499.99,0.0,25000.0
88758,Erika Booth,"State Representative (District 35)|Orange (Part), Osceola (Part)",REP,Y,176652.2,54772.4,121879.80000000002,0.0,0.0
88807,Adam Botana,State Representative (District 80)|Hillsborough (Part),REP,Y,83700.0,28631.73,55068.270000000004,0.0,0.0
83587,Jim Boyd,State Senator (District 20)|Hillsborough (Part),REP,Y,110963.65,27016.51,83947.14,0.0,0.0
89647,Arthur Boyer,State Representative (District 82)|Hillsborough (Part),DEM,N,3165.41,2242.1,923.31,0.0,0.0
89277,Nathan Boyles,"State Representative (District 3)|Escambia (Part), Santa Rosa (Part)",REP,Y,23500.0,10949.9,12550.1,0.0,0.0
88804,Robert Brackett,State Representative (District 34)|Volusia (Part),REP,Y,63909.07,12991.02,50918.05,0.0,0.0
83480,Jennifer Bradley,"State Senator (District 6)|Baker, Columbia (Part), Union, Bradford, Clay, Alachua (Part), Putnam (Part)",REP,Y,129450.0,22140.75,107309.25,0.0,0.0
88929,Chase Brannan,"State Representative (District 10)|Washington, Holmes, Jackson, Calhoun, Liberty, Gadsden (Part)",REP,Y,178055.26,121802.49,56252.770000000004,0.0,0.0
89961,Ben Braver,"State Representative (District 65)|Citrus, Hernando (Part)",DEM,N,4110.0,3059.84,1050.1599999999999,0.0,0.0
83691,Jason Brodeur,"State Senator (District 10)|Volusia (Part), Seminole (Part)",REP,N,350390.69,233273.67,117117.01999999999,0.0,0.0
91555,Audrey Brooks,State Representative (District 78)|Hillsborough (Part),REP,N,1950.16,1804.42,4145.74,0.0,4000.0
88908,James Buchanan,State Senator (District 22)|Hillsborough (Part),REP,N,244480.26,105812.63,138667.63,0.0,0.0
92177,Jeff Buongiorno,"State Representative (District 89)|Charlotte (Part), Sarasota (Part)",REP,N,0.0,1781.82,118.18000000000006,0.0,1900.0
90630,Charles Burkett,Governor|Statewide (All 67 Counties),NPA,N,0.0,18523.16,231476.84,0.0,250000.0
83614,Colleen Burton,"State Senator (District 12)|Seminole (Part), Orange (Part)",REP,Y,132600.0,38664.2,93935.8,0.0,0.0
89989,James Bush Iii,State Representative (District 109)|Palm Beach (Part),DEM,N,7600.0,2131.82,6468.18,0.0,1000.0
90254,Cynthia L. Butler,State Representative (District 75)|Pinellas (Part),DEM,N,3955.0,2087.71,1867.29,0.0,0.0
90697,Lee Butler,State Representative (District 20)|Duval (Part),DEM,N,0.0,0.0,0.0,0.0,0.0
92524,Paul Bybee,State Representative (District 54)|Brevard (Part),WRI,N,0.0,0.0,0.0,0.0,0.0
92300,Steve Byers,State Representative (District 92)|Lee (Part),REP,N,0.0,1781.82,218.18000000000006,0.0,2000.0
83774,Alexis Maria Calatayud,State Senator (District 38)|Miami-Dade (Part),REP,Y,357197.0,60056.17,297140.83,0.0,0.0
89131,Daphne Campbell,State Representative (District 108)|Palm Beach (Part),DEM,N,13072.51,77227.56,46844.95,0.0,111000.0
88751,Jennifer Canady,"State Representative (District 50)|Brevaerd (Part), Orange (Part)",REP,Y,118350.0,14479.5,103870.5,0.0,0.0
92168,John Carroll,State Representative (District 53)|Brevard (Part),REP,N,7620.0,2117.04,8502.96,0.0,3000.0
91877,Jerry Carter,State Representative (District 48)|Osceola (Part),REP,N,5070.0,1781.82,3288.1800000000003,0.0,0.0
89856,Phillip Ray Carter,State Representative (District 76)|Hillsborough (Part),DEM,N,2835.0,2478.85,356.1500000000001,0.0,0.0
88675,Hillary Cassel,"State Representative (District 101)|Martin (Part), Palm Beach (Part)",REP,Y,146617.38,71401.37,75216.01000000001,0.0,0.0
90695,Armando A.C. Castillo,State Representative (District 118)|Broward (Part),DEM,N,300.0,3563.64,336.3600000000001,0.0,3600.0
89619,Evelyn Castillo-Bach,Governor|Statewide (All 67 Counties),DEM,N,6150.0,229.07,9920.93,0.0,4000.0
90824,Lloyd Caulker,"State Representative (District 15)|Nassau, Duval (Part)",WRI,N,0.0,0.0,0.0,0.0,0.0
91729,Isabella Cerqueira,State Representative (District 48)|Osceola (Part),DEM,N,0.0,1782.0,2.0,0.0,1784.0
88941,Ryan Chamberlin,"State Representative (District 24)|Bradford, Union, Baker, Columbia",REP,Y,103345.91,79068.65,24277.26000000001,0.0,0.0
88934,Kevin Chambliss,State Representative (District 117)|Broward (Part),DEM,Y,30190.0,19258.11,11281.89,0.0,350.0
88742,Linda Chaney,State Representative (District 61)|Pasco (Part),REP,Y,112965.26,22088.15,90877.10999999999,0.0,0.0
90007,Chadd Charland,"State Representative (District 15)|Nassau, Duval (Part)",NPA,N,8921.0,151.05,8769.95,0.0,0.0
89965,Daniel Lewis Cicirelli,State Representative (District 31)|Volusia (Part),DEM,N,3134.81,2766.2,393.6100000000001,0.0,25.0
90393,Tony Claude,State Representative (District 53)|Brevard (Part),DEM,N,760.0,4484.69,775.3100000000004,0.0,4500.0
88913,Tod Gordon Cloud,State Representative (District 23)|Clay (Part),REP,N,3790.0,3124.34,5665.66,0.0,5000.0
88944,Nan Cobb,State Representative (District 26)|Alachua (Part),REP,Y,102425.0,14337.65,88087.35,0.0,0.0
89633,Jacqueline Coffie-Leeks,State Representative (District 63)|Pasco (Part),DEM,N,24951.54,18130.36,6821.18,0.0,0.0
88803,Frank William Collige,Chief Financial Officer|Statewide (All 67 Counties),REP,N,15520.0,13328.7,2191.2999999999993,0.0,0.0
89690,Jay Collins,Governor|Statewide (All 67 Counties),REP,N,301136.01,194716.6,106419.41,0.0,0.0
88919,William Bill Conerly,State Representative (District 72)|Pinellas (Part),REP,Y,151750.0,59965.37,91784.63,0.0,0.0
88931,Michael Cruz,State Representative (District 46)|Orange (Part),REP,N,1855.0,2176.11,1821.94,0.0,2143.05
89322,Jayden D'Onofrio,State Representative (District 102)|Palm Beach (Part),DEM,N,59645.26,50803.99,33841.27000000001,0.0,25000.0
89399,Kimberly Daniels,"State Representative (District 14)|Jefferson, Madison, Taylor, Lafayette, Dixie, Gilchrist, Suwannee, Hamilton",DEM,Y,26540.0,3818.99,60721.01,0.0,38000.0
89047,Kyandra Darling,State Representative (District 62)|Pasco (Part),DEM,N,104635.73,102749.34,1886.3899999999994,0.0,0.0
89630,"Jeffrey Peter ""Dr. Jeff"" Datto",Governor|Statewide (All 67 Counties),NPA,N,5501.0,0.0,5501.0,0.0,0.0
92544,David Dj Dejesus,Governor|Statewide (All 67 Counties),WRI,N,0.0,0.0,0.0,0.0,0.0
89668,Michelle Dejesus,"State Representative (District 38)|Seminole (Part), Orange (Part)",DEM,N,1536.0,1101.77,434.23,0.0,0.0
89012,Todd Delmay,"State Representative (District 101)|Martin (Part), Palm Beach (Part)",DEM,N,154737.82,110469.37,44268.45000000001,0.0,0.0
89280,Richard Paul Dembinsky,Governor|Statewide (All 67 Counties),WRI,N,0.0,0.0,0.0,0.0,0.0
89587,Tony Diaz,State Representative (District 113)|Broward (Part),REP,N,45670.0,60392.71,-3222.709999999999,0.0,11500.0
83641,Nick Diceglie,State Senator (District 18)|Polk (Part),REP,Y,192909.32,120981.39,71927.93000000001,0.0,0.0
88529,Moliere Moe Dimanche,Governor|Statewide (All 67 Counties),NPA,N,820.0,7146.81,713.6099999999997,0.0,7040.42
91266,Lauren Donahoo,"State Senator (District 2)|Okaloosa (Part), Walton, Holmes, Washington, Bay, Jackson, Calhoun, Liberty, Gulf, Franklin, Gadsden (Part)",DEM,N,1948.65,0.0,1948.65,0.0,0.0
89042,Byron Donalds,Governor|Statewide (All 67 Counties),REP,N,9958184.68,4193152.3,5765032.38,0.0,0.0
89975,Sylvain Dore,State Representative (District 21)|Duval (Part),DEM,N,1615.0,3100.4,20014.6,0.0,21500.0
89305,Fentrice Driskell,State Senator (District 16)|Brevard,DEM,N,220530.55,158863.15,61917.399999999994,0.0,250.0
89098,Emily Duda Buckley,"State Representative (District 38)|Seminole (Part), Orange (Part)",REP,N,162070.0,57420.53,104649.47,0.0,0.0
90603,H. Alexander Duncan,"State Senator (District 10)|Volusia (Part), Seminole (Part)",DEM,N,1980.0,2101.72,-121.7199999999998,0.0,0.0
88664,Jervonte Tae Edmonds,State Representative (District 88)|Sarasota (Part),DEM,Y,63990.17,53278.04,10712.129999999997,0.0,0.0
90641,John Peter Emerling,State Representative (District 4)|Santa Rosa (Part),DEM,N,1004.6,233.43,1596.1699999999998,0.0,825.0
88725,Dinah J. Escarment,State Representative (District 108)|Palm Beach (Part),DEM,N,46687.76,22079.24,44608.520000000004,0.0,20000.0
88761,Tiffany Esposito,State Representative (District 77)|Hillsborough (Part),REP,Y,209475.0,54365.92,155109.08000000002,0.0,0.0
90327,Leigh Estes,State Representative (District 83)|Hillsborough (Part),DEM,N,1065.0,6406.36,742.6400000000003,0.0,6084.0
89095,Jon Fay,State Representative (District 2)|Escambia (Part),REP,N,134784.73,49724.43,85060.30000000002,0.0,0.0
90148,Michael Terence Ferguson,"State Representative (District 100)|St. Lucie (Part), Martin (Part)",DEM,N,35078.0,11334.96,56743.04,0.0,33000.0
89629,Thomas Eloy Fernandez,Governor|Statewide (All 67 Counties),DEM,N,50.0,17550.13,-8300.130000000001,0.0,9200.0
92426,Andy Ferrari,"State Representative (District 27)|Putnam, Marion (Part)",DEM,N,0.0,0.0,0.0,0.0,0.0
89853,Antione Fields,State Representative (District 21)|Duval (Part),DEM,N,17378.0,13853.34,3524.66,0.0,0.0
89557,Jorge Figueroa,"State Representative (District 47)|Orange (Part), Osceola (Part)",DEM,N,18798.0,16947.07,2050.9300000000003,0.0,200.0
89907,Kim Finer,State Representative (District 81)|Hillsborough (Part),DEM,N,15864.21,4043.1,11821.109999999999,0.0,0.0
90850,Alex Finney,"State Representative (District 5)|Santa Rosa (Part), Okaloosa (Part)",DEM,N,1882.0,1812.83,69.17000000000007,0.0,0.0
89600,James Fishback,Governor|Statewide (All 67 Counties),REP,N,542721.86,530811.11,11910.75,0.0,0.0
91268,Ocean Fitts,State Representative (District 71)|Pinellas (Part),DEM,N,675.0,1869.02,635.98,0.0,1830.0
90995,Earle Ford,Chief Financial Officer|Statewide (All 67 Counties),DEM,N,13744.25,13928.57,7815.68,0.0,8000.0
89353,Dayna Marie Foster,Governor|Statewide (All 67 Counties),DEM,N,19714.0,18918.87,795.130000000001,0.0,0.0
89334,Cornelius Fowler,State Representative (District 77)|Hillsborough (Part),DEM,N,1630.41,2324.06,481.3499999999999,0.0,1175.0
89901,Jarod Fox,"State Representative (District 39)|Orange (Part), Seminole (Part)",DEM,N,21635.0,12123.62,9511.38,0.0,0.0
89351,Wancito Francius,State Representative (District 108)|Palm Beach (Part),REP,N,942.12,16392.0,-15449.88,0.0,0.0
89944,Susan Frantz,State Representative (District 78)|Hillsborough (Part),REP,N,71811.0,6627.38,165183.62,0.0,100000.0
89469,Terrance Freeman,State Representative (District 12)|Leon (Part),REP,N,174135.0,26258.25,147876.75,0.0,0.0
92010,Jose Freites,"State Representative (District 56)|DeSoto, Hardee, Polk (Part)",DEM,N,0.0,0.0,0.0,0.0,0.0
88845,Michael Mike Friend,State Representative (District 102)|Palm Beach (Part),DEM,N,103352.0,30189.1,123162.9,0.0,50000.0
90846,Zach Funkhouser,"State Representative (District 55)|Glades, Highlands, Okeechobee",DEM,N,1832.0,1809.09,1822.91,0.0,1800.0
91230,Crescente Furnaguera,"State Senator (District 32)|Palm Beach (Part), Broward (Part)",NPA,N,1500.0,1187.88,312.1199999999999,0.0,0.0
91275,Satin Fye,State Representative (District 109)|Palm Beach (Part),DEM,N,1250.0,614.0,636.0,0.0,0.0
92090,Brice Gaillard,State Representative (District 13)|Leon (Part),WRI,N,0.0,0.0,0.0,0.0,0.0
89621,Raul Gallon,"State Representative (District 100)|St. Lucie (Part), Martin (Part)",REP,N,17665.0,45855.55,37469.45,0.0,65660.0
88947,Ashley Viola Gantt,State Senator (District 34)|Broward (Part),DEM,N,36686.0,8722.97,27963.03,0.0,0.0
83608,Ileana Garcia,"State Senator (District 36)|Broward (Part), Miami-Dade (Part)",REP,Y,164910.0,34040.61,130869.39,0.0,0.0
90323,Luis Garcia,State Representative (District 91)|Lee (Part),DEM,N,2881.0,3407.03,473.9699999999998,0.0,1000.0
88904,Richard Gentry,"State Representative (District 27)|Putnam, Marion (Part)",REP,Y,151925.0,31586.07,120338.93,0.0,0.0
88890,Anne Gerwig,State Representative (District 93)|Lee (Part),REP,Y,138675.0,36972.98,101702.01999999999,0.0,0.0
89537,Audrey Gibson,State Representative (District 13)|Leon (Part),DEM,N,18465.76,2518.96,15946.8,0.0,0.0
83588,Kyle Kc Gibson,Commissioner of Agriculture|Statewide (All 67 Counties),WRI,N,2279.08,1109.2,1289.8799999999999,0.0,120.0
88822,Mindy Gibson,State Representative (District 31)|Volusia (Part),REP,N,28355.0,19175.95,19179.05,0.0,10000.0
89107,Ryan Gill,State Representative (District 68)|Lake (Part),REP,N,116675.0,39740.05,76934.95,0.0,0.0
88903,Karen Gonzalez Pittman,"State Representative (District 65)|Citrus, Hernando (Part)",REP,Y,107745.26,25256.64,82488.62,0.0,0.0
88813,Peggy Gossett-Seidman,State Representative (District 91)|Lee (Part),REP,Y,38725.0,7060.37,31664.63,0.0,0.0
90478,Miguel Granda,State Representative (District 117)|Broward (Part),REP,N,5805.26,1817.65,3987.61,0.0,0.0
89473,Eric Gray,"State Representative (District 35)|Orange (Part), Osceola (Part)",DEM,N,50869.14,38383.9,12485.239999999998,0.0,0.0
88774,Sam Greco,State Representative (District 19)|Duval (Part),REP,Y,113743.74,53643.14,60100.600000000006,0.0,0.0
89340,Jackie Green,State Senator (District 24)|Pinellas (Part),REP,N,6040.0,4995.87,1044.13,0.0,0.0
90002,Emily Gregory,State Representative (District 87)|Sarasota (Part),DEM,Y,68671.39,20188.31,48483.08,0.0,0.0
88780,J.J. Grow,State Representative (District 23)|Clay (Part),REP,Y,168435.26,63547.59,104887.67000000001,0.0,0.0
91120,Jacob Guerrero,State Representative (District 17)|Duval (Part),DEM,N,2000.5,1860.71,239.78999999999996,0.0,100.0
91267,Areeb Gulzar,State Representative (District 43)|Orange (Part),WRI,N,0.0,0.0,0.0,0.0,0.0
89687,Joseph Joe Hannoush,"State Representative (District 28)|Flagler, St. Johns (Part)",LPF,N,1451.43,1241.79,209.6400000000001,0.0,0.0
91335,Broadway Harewood,State Representative (District 109)|Palm Beach (Part),DEM,N,12379.82,3583.64,8796.18,0.0,0.0
83880,Robyn Hattaway,State Representative (District 31)|Volusia (Part),REP,N,157440.0,54635.78,102804.22,0.0,0.0
91830,Brian Hawkins,State Representative (District 53)|Brevard (Part),REP,N,6600.0,1781.82,4818.18,0.0,0.0
88740,Farmer Banks Helfrich,State Representative (District 25)|Alachua (Part),DEM,N,27520.72,16341.34,11179.380000000001,0.0,0.0
89346,Marcus Herman,State Representative (District 31)|Volusia (Part),REP,N,116750.5,10665.51,123584.99,0.0,17500.0
89350,Octavio E. Hernandez,State Representative (District 51)|Brevard (Part),DEM,N,2436.0,2484.16,-48.159999999999854,0.0,0.0
89865,Ashley Elizabeth Herrmann,State Representative (District 69)|Lake (Part),DEM,N,2236.47,2186.15,646.3199999999997,0.0,596.0
92265,Cathy Higgins,"State Representative (District 89)|Charlotte (Part), Sarasota (Part)",REP,N,10000.0,1781.82,8218.18,0.0,0.0
89300,Juan J. Hinojosa,State Representative (District 32)|Volusia (Part),DEM,N,1020.0,2122.51,2474.7799999999997,0.0,3577.29
89255,Brian Hodgers,State Representative (District 32)|Volusia (Part),REP,Y,104855.0,42967.02,61887.98,0.0,0.0
89140,Jim Holcomb,Governor|Statewide (All 67 Counties),REP,N,0.0,13162.95,6837.049999999999,0.0,20000.0
90249,Hilary Holley,State Representative (District 51)|Brevard (Part),REP,Y,28700.0,3716.82,24983.18,0.0,0.0
90607,Elizabeth Holmes,State Representative (District 94)|Lee (Part),DEM,N,9951.0,4711.37,5239.63,0.0,0.0
92365,Joseph Hoolihan,State Representative (District 71)|Pinellas (Part),NPA,N,0.0,1305.55,194.45000000000005,0.0,1500.0
89841,John Houman,State Senator (District 20)|Hillsborough (Part),DEM,N,0.0,1833.58,166.42000000000007,0.0,2000.0
91315,Wendy Hoy,State Representative (District 57)|Polk (Part),DEM,N,4806.0,2346.86,4573.75,0.0,2114.61
88926,Erin Huntley,State Representative (District 45)|Orange (Part),REP,N,210717.72,38924.64,171793.08000000002,0.0,0.0
88864,Marcus Hyatt,"State Representative (District 38)|Seminole (Part), Orange (Part)",REP,N,48418.0,40720.59,27697.410000000003,0.0,20000.0
91465,Martin Hyde,State Senator (District 22)|Hillsborough (Part),NPA,N,0.0,4400.0,45600.0,0.0,50000.0
89526,Stephen V. Iacullo,State Representative (District 92)|Lee (Part),REP,N,1800.0,1781.82,18.180000000000064,0.0,0.0
91835,Shannan Ighodaro,State Senator (District 34)|Broward (Part),DEM,N,49.12,1802.99,246.12999999999988,0.0,2000.0
89394,Blaise Ingoglia,Chief Financial Officer|Statewide (All 67 Counties),REP,Y,1170061.44,231683.37,938378.07,0.0,0.0
89927,Marco Insua,State Representative (District 118)|Broward (Part),REP,N,100.0,0.0,100.0,0.0,0.0
89329,Bonnie Jackson,State Representative (District 42)|Orange (Part),REP,N,28152.0,14504.14,38647.86,0.0,25000.0
90678,Sammy Jackson,"State Representative (District 28)|Flagler, St. Johns (Part)",DEM,N,395.0,1781.82,413.18000000000006,0.0,1800.0
88828,Berny Jacques,State Representative (District 59)|Polk (Part),REP,N,156323.37,77220.25,79103.12,0.0,0.0
90874,Leslie Jean-Bart,State Representative (District 13)|Leon (Part),DEM,N,5900.0,5481.82,3918.1800000000003,0.0,3500.0
91984,Elizabeth Jeanty,State Senator (District 34)|Broward (Part),REP,N,0.0,0.0,0.0,0.0,0.0
84076,Scott Eckhard Jewett,Governor|Statewide (All 67 Counties),LPF,N,2115.0,23.2,7091.8,0.0,5000.0
88799,Jake Johansson,"State Senator (District 8)|Alachua (Part), Putnam (Part), Marion (Part), Levy, Gilchrist, Suwannee (Part)",REP,N,195910.0,104245.42,91664.58,0.0,0.0
91467,Carlos F. Johary Sr.,"State Representative (District 39)|Orange (Part), Seminole (Part)",REP,N,0.0,0.0,0.0,0.0,0.0
88776,Chad Johnson,"State Representative (District 22)|Duval (Part), Clay (Part)",REP,Y,96930.33,33636.9,63293.43,0.0,0.0
89150,Robert Lewayne Johnson,State Representative (District 46)|Orange (Part),DEM,N,250.0,6651.86,9561.86,0.0,15963.72
89243,David Jolly,Governor|Statewide (All 67 Counties),DEM,N,4015871.2,2706525.1,1309346.1,0.0,0.0
88915,Jennifer Kincart Jonsson,State Representative (District 49)|Osceola (Part),REP,Y,191050.0,33688.39,157361.61,0.0,0.0
89635,Diana Patrice Jordan-Baldwin,State Representative (District 18)|Duval (Part),REP,N,5404.79,5255.52,149.26999999999953,0.0,0.0
92056,Dotie Joseph,Governor|Statewide (All 67 Counties),DEM,N,32033.0,8649.0,26384.0,0.0,3000.0
89348,William Joseph,State Representative (District 88)|Sarasota (Part),REP,N,5248.94,1150.0,4098.94,0.0,0.0
89880,Don Kanfer,State Representative (District 29)|St. Johns (Part),DEM,N,1570.0,2252.06,1317.94,0.0,2000.0
90430,Linda Kellis Harris,State Senator (District 18)|Polk (Part),DEM,N,2220.0,1861.82,408.18000000000006,0.0,50.0
92255,Karla Kemp,State Senator (District 18)|Polk (Part),DEM,N,492.0,2403.16,-1911.1599999999999,0.0,0.0
88839,Kim Kendall,State Representative (District 18)|Duval (Part),REP,Y,107343.25,37085.81,70257.44,0.0,0.0
92085,M.W. Khan,Governor|Statewide (All 67 Counties),WRI,N,0.0,0.0,0.0,0.0,0.0
90644,Lisa Klein,State Representative (District 73)|Pinellas (Part),DEM,N,8540.0,7070.1,1469.8999999999996,0.0,0.0
90559,Jibri Knight,State Representative (District 9)|Bay (Part),REP,N,930.23,8457.64,1422.5900000000001,0.0,8950.0
88856,Traci Koster,State Representative (District 66)|Marion (Part),REP,Y,123629.26,28994.77,94634.48999999999,0.0,0.0
89608,Frank Lago,State Representative (District 113)|Broward (Part),REP,N,158841.0,54390.94,129450.06,0.0,25000.0
90256,Richard Lamondin Jr.,State Senator (District 38)|Miami-Dade (Part),DEM,N,57659.92,17876.74,139783.18,0.0,100000.0
92078,George Lavin,"State Senator (District 36)|Broward (Part), Miami-Dade (Part)",DEM,N,2000.0,1781.82,218.18000000000006,0.0,0.0
89797,Robyn Elaine Lawrence,State Representative (District 26)|Alachua (Part),DEM,N,5066.0,4362.75,1992.17,0.0,1288.92
90217,Susan Rochelle Leff,State Representative (District 59)|Polk (Part),DEM,N,0.0,1781.82,1018.1800000000001,0.0,2800.0
89705,Stephanie Lyn Leonard,State Representative (District 6)|Okaloosa (Part),DEM,N,2480.0,3604.05,-124.05000000000018,0.0,1000.0
89888,Mark Lightner,State Representative (District 32)|Volusia (Part),REP,N,16628.3,15144.69,5483.609999999999,0.0,4000.0
89636,Amaro Lionheart,State Representative (District 64)|Hernando (Part),REP,N,5000.0,1804.42,353195.58,0.0,350000.0
89265,Melton Little,State Representative (District 71)|Pinellas (Part),REP,N,452880.26,119015.08,333865.18,0.0,0.0
89504,Ashley Litwin Diego,State Representative (District 106)|Palm Beach (Part),DEM,N,134105.01,100656.43,68448.58000000002,0.0,35000.0
89872,Robin L. Lockett,State Representative (District 63)|Pasco (Part),DEM,N,11942.38,5493.93,6448.449999999999,0.0,0.0
89640,Rob Long,State Representative (District 90)|Charlotte (Part),DEM,Y,29034.94,25090.9,3944.0399999999972,0.0,0.0
88810,Mery Lopez-Palma,State Representative (District 102)|Palm Beach (Part),REP,N,41824.68,36716.67,57129.16,0.0,52021.15
91058,John Lowndes,"State Senator (District 10)|Volusia (Part), Seminole (Part)",DEM,N,25485.0,7354.6,18130.4,0.0,0.0
88844,Randy Maggard,State Representative (District 54)|Brevard (Part),REP,Y,139000.0,16137.22,122862.78,0.0,0.0
92050,Jorge Malavet,State Representative (District 43)|Orange (Part),REP,N,10000.0,1781.82,8218.18,0.0,0.0
90701,Merrillee Malwitz Jipson,"State Representative (District 10)|Washington, Holmes, Jackson, Calhoun, Liberty, Gadsden (Part)",DEM,N,7544.53,6945.15,599.3800000000001,0.0,0.0
88831,Patt Maney,State Representative (District 4)|Santa Rosa (Part),REP,Y,95800.0,57327.55,38472.45,0.0,0.0
89211,August Mangeney,State Representative (District 93)|Lee (Part),DEM,N,56040.0,42712.63,18327.370000000003,0.0,5000.0
90025,Jon Maples,State Representative (District 87)|Sarasota (Part),REP,N,100521.0,11265.77,94255.23,0.0,5000.0
90653,Jennifer Massey,State Representative (District 84)|Hillsborough (Part),DEM,N,1599.41,751.02,3948.39,0.0,3100.0
90679,Arthur Joseph Mccaffrey,Governor|Statewide (All 67 Counties),REP,N,0.0,0.0,0.0,0.0,0.0
89994,Julie Mccormack,State Representative (District 76)|Hillsborough (Part),REP,N,1180.0,2095.46,406.53999999999996,0.0,1322.0
89302,Daniel R. Mcdow,State Representative (District 33)|Volusia (Part),DEM,N,24398.08,21823.63,4229.869999999999,0.0,1655.42
88932,Fiona Mcfarland,State Representative (District 73)|Pinellas (Part),REP,Y,105865.0,20294.61,85570.39,0.0,0.0
89344,Trei Mcmullen,State Representative (District 2)|Escambia (Part),REP,N,16840.0,14470.09,2369.91,0.0,0.0
90992,Desmond Meade,Governor|Statewide (All 67 Counties),NPA,N,8875.0,7928.52,12946.48,0.0,12000.0
89031,Lauren Uhlich Melo,"State Senator (District 28)|Sarasota (Part), Manatee (Part)",REP,N,227195.26,17560.9,209634.36000000002,0.0,0.0
92013,Joey Mendoza Atkins,Commissioner of Agriculture|Statewide (All 67 Counties),DEM,N,0.0,8399.28,80.71999999999935,0.0,8480.0
89582,Justin Mendoza-Routt,State Representative (District 113)|Broward (Part),DEM,N,37918.0,29839.77,93078.23,0.0,85000.0
91755,Amr Metwally,State Representative (District 85)|Manatee (Part),MGT,N,0.0,0.0,0.0,0.0,0.0
88815,Monique Miller,State Representative (District 33)|Volusia (Part),REP,Y,100710.0,15703.6,85006.4,0.0,0.0
90981,Dylan Paul Modarelli,State Representative (District 71)|Pinellas (Part),REP,N,0.0,0.0,0.0,0.0,0.0
89445,Imtiaz Mohammad,State Representative (District 103)|Palm Beach (Part),REP,N,0.0,1781.82,218.18000000000006,0.0,2000.0
89420,Xavier J. Monroe,State Representative (District 21)|Duval (Part),DEM,N,19746.0,14241.8,5514.200000000001,0.0,10.0
89442,Malik J. Moore,State Representative (District 21)|Duval (Part),DEM,N,25218.0,9525.04,15692.96,0.0,0.0
91471,Daisy Morales,State Representative (District 43)|Orange (Part),DEM,N,0.0,1781.82,1518.18,0.0,3300.0
89939,Erik Morris,Governor|Statewide (All 67 Counties),WRI,N,99.0,122.76,-14.579999999999998,0.0,9.18
90802,William Moskal,State Representative (District 80)|Hillsborough (Part),DEM,N,4460.0,828.2,3631.8,0.0,0.0
90845,Edwin Munoz,State Representative (District 30)|St. Johns (Part),DEM,N,1962.0,1837.69,124.30999999999995,0.0,0.0
90006,Brian Nathan,"State Senator (District 14)|Lake, Orange (Part)",DEM,Y,19660.0,10957.37,8702.63,0.0,0.0
89971,Ryan Neill,State Representative (District 74)|Pinellas (Part),DEM,N,4984.0,3217.53,1766.4699999999998,0.0,0.0
88872,Wengay Newt Newton,State Representative (District 62)|Pasco (Part),DEM,N,28167.26,22907.01,5260.25,0.0,0.0
89602,Judy M. Ngying,"State Senator (District 8)|Alachua (Part), Putnam (Part), Marion (Part), Levy, Gilchrist, Suwannee (Part)",DEM,N,14360.0,13041.84,2418.16,0.0,1100.0
88877,Les Nichols,State Representative (District 74)|Pinellas (Part),REP,N,7237.12,7709.44,3777.6799999999994,0.0,4250.0
88882,Anthony Nieves,"State Representative (District 47)|Orange (Part), Osceola (Part)",DEM,N,6576.0,3794.2,16781.8,0.0,14000.0
88834,Danny Nix Jr.,State Representative (District 75)|Pinellas (Part),REP,Y,109800.0,30997.38,78802.62,0.0,0.0
90250,Daniel Nokovich,Governor|Statewide (All 67 Counties),REP,N,50.0,10182.5,9867.5,0.0,20000.0
89987,Stephann Norman,Governor|Statewide (All 67 Counties),DEM,N,4162.56,0.0,4162.56,0.0,0.0
88945,Vanessa Oliver,State Representative (District 76)|Hillsborough (Part),REP,Y,141800.0,58403.59,83396.41,0.0,0.0
90681,Ramiro Orta,State Senator (District 40)|Miami-Dade (Part),NPA,N,2000.0,1493.14,506.8599999999999,0.0,0.0
83937,Rosalind Osgood,"State Senator (District 32)|Palm Beach (Part), Broward (Part)",DEM,Y,47541.7,19826.5,27715.199999999997,0.0,0.0
88830,Michael Owen,State Representative (District 70)|Pinellas (Part),REP,Y,187349.15,96828.96,90520.18999999999,0.0,0.0
88933,Nick Pachota,State Representative (District 74)|Pinellas (Part),REP,N,147409.0,53672.07,193736.93,0.0,100000.0
90855,Elizabeth Brendel Pandich,State Representative (District 86)|Mantie (Part),DEM,N,580.0,2045.51,734.49,0.0,2200.0
88897,Bill Partington,"State Representative (District 28)|Flagler, St. Johns (Part)",REP,Y,97792.8,30090.55,67702.25,0.0,0.0
89692,Suzanna Pavelle,State Representative (District 19)|Duval (Part),DEM,N,6267.17,2227.17,4040.0,0.0,0.0
89395,Jennifer Peeples Winkler,State Representative (District 74)|Pinellas (Part),REP,N,114310.0,17993.78,96316.22,0.0,0.0
88920,Ashley Perez-Biliskov,State Representative (District 116)|Broward (Part),REP,N,227630.0,85857.55,141772.45,0.0,0.0
89400,John Captain Phillips,State Representative (District 72)|Pinellas (Part),REP,N,2770.0,3226.41,9543.59,0.0,10000.0
89022,Rachel Plakon,State Representative (District 36)|Seminole (Part),REP,Y,78780.0,23054.33,55725.67,0.0,0.0
91270,Lindsay Polega-Quigley,State Representative (District 60)|Polk (Part),DEM,N,28070.09,3123.49,24946.6,0.0,0.0
89129,Juan Carlos Porras,State Representative (District 119)|Broward (Part),REP,Y,56090.96,25237.57,30853.39,0.0,0.0
89206,Bill Poteet,State Representative (District 82)|Hillsborough (Part),REP,N,39550.0,13607.67,25942.33,0.0,0.0
89720,Robert Prater,State Representative (District 37)|Seminole (Part),REP,N,11241.0,6552.47,4688.53,0.0,0.0
89584,Walter Price,"State Representative (District 55)|Glades, Highlands, Okeechobee",REP,N,56980.0,13772.66,58207.34,0.0,15000.0
90847,"Donald A. ""Don"" Prichard",Commissioner of Agriculture|Statewide (All 67 Counties),DEM,N,19850.0,10508.08,9341.92,0.0,0.0
89380,Liesa Priddy,State Representative (District 82)|Hillsborough (Part),REP,N,182725.0,82417.58,148307.41999999998,0.0,48000.0
90897,Alethea Pugh,State Representative (District 48)|Osceola (Part),DEM,N,3015.0,2018.35,1116.65,0.0,120.0
91874,Michael Pultorak,State Representative (District 54)|Brevard (Part),REP,N,600.0,1781.82,818.1800000000001,0.0,2000.0
89979,Angel Ramos,State Representative (District 64)|Hernando (Part),REP,N,6480.0,5480.65,999.3500000000004,0.0,0.0
91024,Nicolas Ramos,State Representative (District 116)|Broward (Part),DEM,N,1800.0,0.0,1800.0,0.0,0.0
89857,Jacquelyn Jackie Randall,State Representative (District 21)|Duval (Part),DEM,N,22432.0,16031.42,6510.58,0.0,110.0
88952,Marshall Rawson,"State Representative (District 10)|Washington, Holmes, Jackson, Calhoun, Liberty, Gadsden (Part)",REP,N,124166.42,47622.08,86544.33999999998,0.0,10000.0
88796,Michele K. Rayner,State Senator (District 16)|Brevard,DEM,N,95607.0,79738.6,15868.399999999994,0.0,0.0
88975,Mike Redondo,State Representative (District 118)|Broward (Part),REP,Y,90726.0,28057.3,62668.7,0.0,0.0
89414,Paul Renner,Governor|Statewide (All 67 Counties),REP,N,413677.98,240751.34,172926.63999999998,0.0,0.0
91141,Marcos Reyes,State Representative (District 115)|Broward (Part),DEM,N,2395.0,1817.75,577.25,0.0,0.0
89267,Alfred Reynolds,"State Senator (District 12)|Seminole (Part), Orange (Part)",DEM,N,2050.0,2398.96,-348.96000000000004,0.0,0.0
89886,Wayne Richter,State Representative (District 85)|Manatee (Part),DEM,N,92320.0,41765.09,54554.91,0.0,4000.0
92596,Hector Rivera,State Senator (District 30)|Palm Beach (Part),REP,N,1900.0,1781.82,118.18000000000006,0.0,0.0
89214,Ivan A. Rivera,State Representative (District 46)|Orange (Part),NPA,N,2000.0,1187.58,812.4200000000001,0.0,0.0
91503,Nate Robertson,State Representative (District 40)|Orange (Part),REP,N,2171.94,2419.3,1552.6399999999999,0.0,1800.0
90431,Tracy Robinson,State Representative (District 9)|Bay (Part),REP,N,50.0,0.0,1831.82,0.0,1781.82
83549,Ana Maria Rodriguez,State Senator (District 40)|Miami-Dade (Part),REP,Y,213103.0,70925.36,142177.64,0.0,0.0
90411,John Rodriguez,State Representative (District 64)|Hernando (Part),DEM,N,200.0,2529.34,473.39999999999964,0.0,2802.74
89231,Jose Javier Rodriguez,Attorney General|Statewide (All 67 Counties),DEM,N,693973.32,405211.56,288761.75999999995,0.0,0.0
89711,Rachel Rodriguez,Governor|Statewide (All 67 Counties),REP,N,14825.76,12848.08,1977.6800000000003,0.0,0.0
89808,Vic Rohe,State Senator (District 22)|Hillsborough (Part),REP,N,13034.1,6733.21,8300.89,0.0,2000.0
91286,Ionel Roiban,State Representative (District 90)|Charlotte (Part),REP,N,1000.0,1821.22,1078.78,0.0,1900.0
89612,Gloria Romero Roses,State Representative (District 113)|Broward (Part),DEM,N,108274.37,85172.29,193102.08000000002,0.0,170000.0
88843,Mitch Rosenwald,State Representative (District 98)|Indian River,DEM,Y,48540.0,18893.97,29746.03,0.0,100.0
84457,Rick Roth,"State Senator (District 26)|Hernando, Pasco (Part)",REP,N,68000.0,148997.88,169102.12,0.0,250100.0
90010,Jonathan Rubin,State Representative (District 87)|Sarasota (Part),REP,N,29981.0,21374.87,33606.130000000005,0.0,25000.0
89571,Frank J. Russo,Governor|Statewide (All 67 Counties),NPA,N,16597.0,336597.44,29999.559999999998,0.0,350000.0
91780,Melissa Rutland,State Representative (District 60)|Polk (Part),REP,N,31135.0,1931.92,31203.08,0.0,2000.0
89530,Luis Salazar,State Representative (District 64)|Hernando (Part),DEM,N,44513.38,40983.36,3730.019999999997,0.0,200.0
88746,Michelle Salzman,State Representative (District 1)|Escambia (Part),REP,Y,158544.36,98541.85,60002.50999999998,0.0,0.0
89573,"Jose A. ""Dante"" Sanchez Sanchez",State Representative (District 66)|Marion (Part),DEM,N,8304.0,11211.18,6900.59,0.0,9807.77
91334,Benjamin Sandlin,State Representative (District 12)|Leon (Part),DEM,N,2339.04,1887.27,451.77,0.0,0.0
92132,Christine Alexandria Sanon-Jules Olivo,State Senator (District 34)|Broward (Part),DEM,N,7968.0,3294.16,4673.84,0.0,0.0
90004,Ricky Santiago,"State Representative (District 50)|Brevaerd (Part), Orange (Part)",DEM,N,2254.43,3089.45,664.98,0.0,1500.0
88818,Judson Sapp,State Representative (District 20)|Duval (Part),REP,Y,82628.0,23154.93,59473.07,0.0,0.0
89666,Conrad Schupay,State Representative (District 63)|Pasco (Part),DEM,N,26564.0,2437.59,24126.41,0.0,0.0
89589,Samantha Scott,State Representative (District 52)|Brevard (Part),REP,Y,72559.72,12394.65,60165.07,0.0,0.0
89867,James W. Shaw,Governor|Statewide (All 67 Counties),REP,N,86060.0,76814.71,9245.289999999994,0.0,0.0
90633,Harvey Shifrin,State Representative (District 72)|Pinellas (Part),DEM,N,0.0,1855.63,744.3699999999999,0.0,2600.0
89969,David Silverberg,"State Senator (District 28)|Sarasota (Part), Manatee (Part)",DEM,N,4238.96,2735.19,1503.77,0.0,0.0
84028,David Silvers,"State Senator (District 26)|Hernando, Pasco (Part)",DEM,N,93702.0,13193.0,105509.0,0.0,25000.0
90560,Wilton Simpson,Commissioner of Agriculture|Statewide (All 67 Counties),REP,Y,752270.0,19432.08,732837.92,0.0,0.0
88673,Kelly Skidmore,State Representative (District 92)|Lee (Part),DEM,Y,25072.28,5771.57,19300.71,0.0,0.0
90698,Heather Anne Smith,State Representative (District 18)|Duval (Part),DEM,N,2000.0,1781.82,218.18000000000006,0.0,0.0
89106,Jason Paul Smith,State Representative (District 102)|Palm Beach (Part),REP,N,44821.28,36960.47,7860.809999999998,0.0,0.0
88750,John Snyder,State Representative (District 86)|Mantie (Part),REP,Y,68591.4,24445.06,44146.34,0.0,0.0
89777,Paul Sohi,State Representative (District 34)|Volusia (Part),REP,N,10942.7,5835.77,5106.93,0.0,0.0
90212,Jeffrey Doc Solomon,State Senator (District 38)|Miami-Dade (Part),NPA,N,8810.0,7509.98,4300.02,0.0,3000.0
91287,Rey Lazaro Sordo,State Representative (District 119)|Broward (Part),DEM,N,3990.0,2219.49,1770.5100000000002,0.0,0.0
90657,Joshua S. Sorto,State Representative (District 36)|Seminole (Part),REP,N,3000.0,1887.86,1112.14,0.0,0.0
89016,Felipe Sousa Lazaballet,State Representative (District 42)|Orange (Part),DEM,N,163941.0,97257.89,66683.11,0.0,0.0
88794,Leonard Spencer,State Representative (District 45)|Orange (Part),DEM,Y,45085.15,8704.28,53880.87,0.0,17500.0
89102,Eric Doc Stelnicki,"State Representative (District 100)|St. Lucie (Part), Martin (Part)",REP,N,221933.12,97980.94,246052.18,0.0,122100.0
92114,Hunter Stone,State Representative (District 85)|Manatee (Part),WRI,N,0.0,0.0,0.0,0.0,0.0
91115,Jose Antonio Stoute,State Senator (District 40)|Miami-Dade (Part),DEM,N,0.0,1901.19,1098.81,0.0,3000.0
90683,Art Stresing,State Representative (District 18)|Duval (Part),DEM,N,4945.0,2101.22,2843.78,0.0,0.0
89413,Mike Suarez,State Representative (District 64)|Hernando (Part),DEM,N,78175.0,49049.91,29125.089999999997,0.0,0.0
89052,Caneste Succe,Governor|Statewide (All 67 Counties),REP,N,10000.0,17234.0,-7234.0,0.0,0.0
91310,Annette Taddeo,Chief Financial Officer|Statewide (All 67 Counties),DEM,N,34651.0,9761.36,30889.64,0.0,6000.0
88773,Allison Tant,State Representative (District 9)|Bay (Part),DEM,Y,259984.31,15067.34,244916.97,0.0,0.0
91157,John H. Taylor Jr.,State Representative (District 109)|Palm Beach (Part),DEM,N,21673.0,2149.61,19523.39,0.0,0.0
89531,Matt Taylor,Commissioner of Agriculture|Statewide (All 67 Counties),REP,N,238619.84,165160.83,73459.01000000001,0.0,0.0
88972,Debra Tendrich,"State Representative (District 89)|Charlotte (Part), Sarasota (Part)",DEM,Y,41164.0,4946.33,36217.67,0.0,0.0
89968,May Thach,State Representative (District 61)|Pasco (Part),DEM,N,14027.0,3987.32,10039.68,0.0,0.0
89512,Johnny Austin Thompson,State Representative (District 2)|Escambia (Part),DEM,N,561.0,0.0,561.0,0.0,0.0
90858,Joseph Thornton,"State Senator (District 6)|Baker, Columbia (Part), Union, Bradford, Clay, Alachua (Part), Putnam (Part)",ASP,N,2516.66,1814.1,702.56,0.0,0.0
90135,Josie Tomkow,"State Senator (District 14)|Lake, Orange (Part)",REP,N,64700.0,11215.05,53484.95,0.0,0.0
88745,Dana Trabulsy,State Representative (District 84)|Hillsborough (Part),REP,Y,130194.09,42828.9,87365.19,0.0,0.0
88777,Chase Tramont,State Representative (District 30)|St. Johns (Part),REP,Y,107928.06,54591.22,53336.84,0.0,0.0
92566,Craig Trapino,State Representative (District 68)|Lake (Part),DEM,N,2000.0,0.0,2000.0,0.0,0.0
89472,Amy Trask,"State Representative (District 22)|Duval (Part), Clay (Part)",DEM,N,22300.26,21189.85,1360.4099999999999,0.0,250.0
83820,Jay Trumbull,"State Senator (District 2)|Okaloosa (Part), Walton, Holmes, Washington, Bay, Jackson, Calhoun, Liberty, Gulf, Franklin, Gadsden (Part)",REP,Y,98050.0,24330.07,73719.93,0.0,0.0
88884,Kaylee Tuck,State Representative (District 83)|Hillsborough (Part),REP,Y,78237.9,31995.52,46242.37999999999,0.0,0.0
91282,Rhian Tutson,"State Representative (District 14)|Jefferson, Madison, Taylor, Lafayette, Dixie, Gilchrist, Suwannee, Hamilton",DEM,N,1960.41,2011.62,128.78999999999996,0.0,180.0
89041,James Uthmeier,Attorney General|Statewide (All 67 Counties),REP,Y,1322778.72,240948.41,1081830.31,0.0,0.0
90979,Tom Vail,State Representative (District 25)|Alachua (Part),REP,N,5475.0,2808.61,3004.64,0.0,338.25
89309,Jordan Varnadore,State Representative (District 71)|Pinellas (Part),REP,N,75395.0,28741.47,46653.53,0.0,0.0
90699,Paola Vazquez Del Mercado,State Representative (District 113)|Broward (Part),WRI,N,0.0,0.0,0.0,0.0,0.0
89109,Luis Viera,"State Representative (District 67)|Marion (Part), Lake (Part)",DEM,N,147680.73,59940.57,87740.16,0.0,0.0
89673,Samuel Vilchez Santiago,State Representative (District 43)|Orange (Part),DEM,N,120328.69,63044.37,57284.32,0.0,0.0
88962,Chris Vincent,"State Representative (District 100)|St. Lucie (Part), Martin (Part)",REP,N,86179.73,30209.28,55970.45,0.0,0.0
90976,Ingrid D. Wadsworth,"State Representative (District 3)|Escambia (Part), Santa Rosa (Part)",DEM,N,1810.0,0.0,1810.0,0.0,0.0
89468,Kelly Ann Walker,State Representative (District 74)|Pinellas (Part),REP,N,65726.0,112415.5,53310.5,0.0,100000.0
90600,Peter Walsh,State Representative (District 108)|Palm Beach (Part),DEM,N,13800.0,10425.05,5374.950000000001,0.0,2000.0
91333,Jarvis Washington,"State Representative (District 50)|Brevaerd (Part), Orange (Part)",NPA,N,100.0,1187.88,62.11999999999989,0.0,1150.0
91154,Lew Wasserman,State Senator (District 22)|Hillsborough (Part),DEM,N,3735.0,2216.48,61543.52,0.0,60025.0
88865,Megan Weinberger,State Representative (District 94)|Lee (Part),REP,Y,168026.78,54987.35,113039.43,0.0,0.0
91644,Dan Weldon,State Representative (District 64)|Hernando (Part),REP,N,10635.0,1804.42,10830.58,0.0,2000.0
89825,Luther Keith Wilkins,State Representative (District 70)|Pinellas (Part),DEM,N,2780.41,2040.46,739.9499999999998,0.0,0.0
89988,Scott Wilkins,"State Representative (District 24)|Bradford, Union, Baker, Columbia",REP,N,200.0,1977.16,222.83999999999992,0.0,2000.0
89032,Bobby Williams,Governor|Statewide (All 67 Counties),REP,N,59598.5,64597.46,501.0400000000009,0.0,5500.0
89439,Matt Woodside,State Representative (District 31)|Volusia (Part),REP,N,42167.4,10235.72,32031.68,0.0,100.0
89632,Gabriel Jude Wozniak,"State Senator (District 8)|Alachua (Part), Putnam (Part), Marion (Part), Levy, Gilchrist, Suwannee (Part)",LPF,N,1314.0,1287.88,781.3400000000001,0.0,755.22
91061,Jerry Wyche,State Representative (District 6)|Okaloosa (Part),DEM,N,1782.0,1782.0,0.0,0.0,0.0
89858,Francesca Yabraian,State Representative (District 1)|Escambia (Part),DEM,N,750.42,7375.08,1145.0599999999995,0.0,7769.72
88879,Taylor Yarkosky,State Representative (District 25)|Alachua (Part),REP,Y,82050.0,40652.69,41397.31,0.0,0.0
88918,Brad Yeager,"State Representative (District 56)|DeSoto, Hardee, Polk (Part)",REP,Y,52020.26,29240.17,22780.090000000004,0.0,0.0
89434,Ra'Shon Young,State Representative (District 40)|Orange (Part),DEM,Y,12510.0,9896.02,2613.9799999999996,0.0,0.0
89731,Jerusa Zitta,State Senator (District 30)|Palm Beach (Part),REP,N,6675.0,4913.39,3411.6099999999997,0.0,1650.0
