candidate_id,name,office_full,party_full,incumbent_challenge_full
H4FL02112,"ABOUJAOUDE, ROCK ADEL MR. JR","House (District 12)|Citrus, Hernando, Pasco",DEMOCRATIC PARTY,Challenger
H4FL07137,"ADAMS, JENNIFER","House (District 7)|Seminole, Volusia",DEMOCRATIC PARTY,Challenger
H2FL21132,"ADEIMY, DEBORAH","House (District 23)|Broward, Palm Beach",REPUBLICAN PARTY,Challenger
H6FL03115,"ALBERS, TROY","House (District 3)|Alachua, Baker, Bradford, Columbia, Dixie, Gilchrist, Levy, Marion, Suwannee, Union",DEMOCRATIC PARTY,Challenger
H6FL19277,"ARIAS, VICTOR M.","House (District 19)|Collier, Lee",DEMOCRATIC PARTY,Open seat
H4FL27028,"ARIAS, VINCENT MICHAEL",House (District 27)|Miami-Dade,REPUBLICAN PARTY,Challenger
H2FL28038,"ASENCIO, ROBERT","House (District 28)|Miami-Dade, Monroe",DEMOCRATIC PARTY,Open seat
H2FL03197,"ASENSIO, MANUEL","House (District 6)|Flagler, Lake, Marion, Putnam, St. Johns, Volusia",REPUBLICAN PARTY,
H0FL19221,"ASKAR, CASEY","House (District 19)|Collier, Lee",REPUBLICAN PARTY,Open seat
H4FL26103,"ATKINS, JOEY DAVID","House (District 26)|Collier, Miami-Dade, Monroe",DEMOCRATIC PARTY,Challenger
S6FL00749,"ATKINS, JOEY MENDOZA",Senate|Statewide (All 67 Counties),DEMOCRATIC PARTY,Challenger
H6FL06233,"AUDINO, ERNEST CARL","House (District 6)|Flagler, Lake, Marion, Putnam, St. Johns, Volusia",REPUBLICAN PARTY,Challenger
H4FL27010,"BAEZ-GELLER, LUCIA",House (District 27)|Miami-Dade,DEMOCRATIC PARTY,Challenger
H4FL02138,"BAILEY, HUY-YEN CAM MS.","House (District 2)|Bay, Calhoun, Franklin, Gadsden, Gulf, Holmes, Jackson, Jefferson, Lafayette, Leon, Liberty, Madison, Taylor, Wakulla, Washington",DEMOCRATIC PARTY,Open seat
H6FL06324,"BAKER, AARON","House (District 6)|Flagler, Lake, Marion, Putnam, St. Johns, Volusia",REPUBLICAN PARTY,Challenger
H6FL06241,"BAKER, AARON","House (District 6)|Flagler, Lake, Marion, Putnam, St. Johns, Volusia",REPUBLICAN PARTY,Challenger
H2FL18096,"BALDERRAMOS ROBINSON, CORINNA","House (District 21)|Martin, Palm Beach, St. Lucie",DEMOCRATIC PARTY,Challenger
H6FL06282,"BANGDIWALA, PURVA","House (District 6)|Flagler, Lake, Marion, Putnam, St. Johns, Volusia",NO PARTY AFFILIATION,Challenger
H4FL15205,"BARBOSA, JENNIFER MS.","House (District 15)|Hillsborough, Pasco, Polk",REPUBLICAN PARTY,Challenger
H2FL04211,"BEAN, AARON P.","House (District 4)|Clay, Duval, Nassau",REPUBLICAN PARTY,Incumbent
H4FL19090,"BENACQUISTO, LIZBETH","House (District 19)|Collier, Lee",REPUBLICAN PARTY,Open seat
H6FL09070,"BILIRAKIS, GUS M","House (District 12)|Citrus, Hernando, Pasco",REPUBLICAN PARTY,Incumbent
S4FL00736,"BONOAN, FEENA",Senate|Statewide (All 67 Counties),LIBERTARIAN PARTY,Challenger
H2FL14269,"BRADLEY, CHRISTOPHER","House (District 14)|Hillsborough, Pinellas",NONE,Challenger
H6FL22172,"BRANDA, PAOLA","House (District 23)|Broward, Palm Beach",REPUBLICAN PARTY,Challenger
H4FL18134,"BRAUNSTON, PETER ALAN MR","House (District 18)|Collier, DeSoto, Glades, Hardee, Hendry, Highlands, Okeechobee, Polk",DEMOCRATIC PARTY,Challenger
H6FL01457,"BRODEN, STEPHEN","House (District 1)|Escambia, Santa Rosa, Okaloosa, Walton",INDEPENDENT,Open seat
H6FL01440,"BRODEN, STEPHEN EDWARD","House (District 1)|Escambia, Santa Rosa, Okaloosa, Walton",INDEPENDENT,Open seat
H2FL10358,"BROWN, CORRINE",House (District 10)|Orange,DEMOCRATIC PARTY,Open seat
H6FL13148,"BUCHANAN, VERNON","House (District 16)|Hillsborough, Manatee",REPUBLICAN PARTY,Incumbent
H0FL11152,"BUNTYN, TONY","House (District 11)|Lake, Orange, Polk, Sumter",REPUBLICAN PARTY,Challenger
H2FL21082,"BUONGIORNO, JEFFREY D","House (District 21)|Martin, Palm Beach, St. Lucie",REPUBLICAN PARTY,Challenger
H6FL22156,"BURCK, DAVID","House (District 22)|Broward, Palm Beach",REPUBLICAN PARTY,Challenger
H0FL03175,"CAMMACK, KAT","House (District 3)|Alachua, Baker, Bradford, Columbia, Dixie, Gilchrist, Levy, Marion, Suwannee, Union",REPUBLICAN PARTY,Incumbent
H4FL20098,"CAMPBELL, LUTHER MR.","House (District 20)|Broward, Palm Beach",DEMOCRATIC PARTY,Challenger
S4FL00637,"CAMPBELL, STANLEY",Senate|Statewide (All 67 Counties),DEMOCRATIC PARTY,Challenger
H6FL25035,"CARBONARA, MICHAEL","House (District 22)|Broward, Palm Beach",REPUBLICAN PARTY,Challenger
H4FL09190,"CARTER, GREGORY MARCUS MR","House (District 9)|Orange, Osceola, Polk, Indian River, Okeechobee, Highlands, Glades",REPUBLICAN PARTY,Challenger
H0FL09115,"CASTILLO, JOSE","House (District 9)|Orange, Osceola, Polk, Indian River, Okeechobee, Highlands, Glades",REPUBLICAN PARTY,Challenger
H6FL11126,"CASTOR, KATHY","House (District 14)|Hillsborough, Pinellas",DEMOCRATIC PARTY,Incumbent
H6FL19178,"CAWTHORN, MADISON","House (District 19)|Collier, Lee",REPUBLICAN PARTY,Open seat
H0FL22100,"CEREZO SWAFFAR, DARLENE","House (District 23)|Broward, Palm Beach",REPUBLICAN PARTY,Challenger
H4FL09182,"CHALIFOUX, THOMAS E. COLONEL JR.","House (District 9)|Orange, Osceola, Polk, Indian River, Okeechobee, Highlands, Glades",REPUBLICAN PARTY,Challenger
H6FL18113,"CHANE, JONATHAN","House (District 18)|Collier, DeSoto, Glades, Hardee, Hendry, Highlands, Okeechobee, Polk",DEMOCRATIC PARTY,Open seat
H8FL20032,"CHERFILUS-MCCORMICK, SHEILA","House (District 20)|Broward, Palm Beach",DEMOCRATIC PARTY,Incumbent
H0FL05147,"CHESTER, ALBERT II","House (District 5)|Duval, St. Johns",DEMOCRATIC PARTY,Challenger
H6FL01515,"CHICO, DOUGLAS CONNOR","House (District 1)|Escambia, Santa Rosa, Okaloosa, Walton",REPUBLICAN PARTY,Challenger
H2FL25083,"CLARK, DREW-MONTEZ DR.","House (District 20)|Broward, Palm Beach",REPUBLICAN PARTY,Challenger
H4FL15155,"COHN, ALAN","House (District 15)|Hillsborough, Pasco, Polk",DEMOCRATIC PARTY,Challenger
H6FL19228,"COLLINS, CHRIS","House (District 19)|Collier, Lee",REPUBLICAN PARTY,Open seat
H6FL06381,"COOPER, ROBERT DAVID MR II","House (District 6)|Flagler, Lake, Marion, Putnam, St. Johns, Volusia",DEMOCRATIC PARTY,Challenger
H6FL07215,"DALTON, BALE","House (District 7)|Seminole, Volusia",DEMOCRATIC PARTY,Challenger
H6FL21059,"DANDIYA, PIA","House (District 22)|Broward, Palm Beach",DEMOCRATIC PARTY,Challenger
H8FL10066,"DARIUS, WADESON",House (District 10)|Orange,DEMOCRATIC PARTY,Challenger
H4FL10149,"DARIUS, WADESON WADE",House (District 10)|Orange,DEMOCRATIC PARTY,Challenger
H4FL13234,"D'ARRIGO, TONY C",House (District 13)|Pinellas,INDEPENDENT,Challenger
H4FL27036,"DAVEY, MICHAEL",House (District 27)|Miami-Dade,DEMOCRATIC PARTY,Challenger
H6FL06365,"DAVIS, MARK","House (District 16)|Hillsborough, Manatee",NO PARTY AFFILIATION,Open seat
H6FL08270,"DELLINGER, PAUL LYAL","House (District 8)|Brevard, Indian River, Orange",DEMOCRATIC PARTY,Challenger
S2FL00631,"DEMINGS, VAL",Senate|Statewide (All 67 Counties),DEMOCRATIC PARTY,Challenger
H2FL08063,"DEMINGS, VALDEZ 'VAL'",House (District 10)|Orange,DEMOCRATIC PARTY,Incumbent
H2FL13220,"DIAMOND, BEN",House (District 13)|Pinellas,DEMOCRATIC PARTY,Open seat
H2FL25018,"DIAZ-BALART, MARIO","House (District 26)|Collier, Miami-Dade, Monroe",REPUBLICAN PARTY,Incumbent
H4FL01213,"DIMMOCK, AARON","House (District 1)|Escambia, Santa Rosa, Okaloosa, Walton",REPUBLICAN PARTY,Challenger
H2FL14186,"DONALDS, BYRON","House (District 19)|Collier, Lee",REPUBLICAN PARTY,Incumbent
H6FL23170,"DORCE, SENDRA","House (District 23)|Broward, Palm Beach",REPUBLICAN PARTY,Challenger
H2FL21090,"DORILAS, ROD MR.","House (District 22)|Broward, Palm Beach",REPUBLICAN PARTY,Challenger
H6FL22107,"DOYLE, VICTORIA JANE BOKER","House (District 23)|Broward, Palm Beach",DEMOCRATIC PARTY,Challenger
S2FL00557,"DRIGGERS, CALVIN JOB",Senate|Statewide (All 67 Counties),REPUBLICAN PARTY,Challenger
H2FL07164,"DUKE, BRADY","House (District 7)|Seminole, Volusia",REPUBLICAN PARTY,Open seat
H6FL02208,"DUNN, NEAL PATRICK MD, FACS","House (District 2)|Bay, Calhoun, Franklin, Gadsden, Gulf, Holmes, Jackson, Jefferson, Lafayette, Leon, Liberty, Madison, Taylor, Wakulla, Washington",REPUBLICAN PARTY,Incumbent
H4FL25030,"EDDY, CHRISTOPHER","House (District 25)|Broward, Miami-Dade",REPUBLICAN PARTY,Challenger
H4FL28042,"EHR, PHIL","House (District 28)|Miami-Dade, Monroe",DEMOCRATIC PARTY,Challenger
H4FL01262,"EKPETE KAMA, ULOMA DR.","House (District 1)|Escambia, Santa Rosa, Okaloosa, Walton",REPUBLICAN PARTY,Challenger
H6FL19210,"ELLIOTT, STEPHEN W","House (District 19)|Collier, Lee",REPUBLICAN PARTY,Open seat
H0FL17159,"ELLISON, ALLEN","House (District 17)|Charlotte, Lee, Sarasota",DEMOCRATIC PARTY,Challenger
H2FL23278,"ELLISON, ALLEN","House (District 23)|Broward, Palm Beach",DEMOCRATIC PARTY,Challenger
S2FL00458,"ELLISON, ALLEN",Senate|Statewide (All 67 Counties),DEMOCRATIC PARTY,Challenger
H4FL17037,"ELLISON, ALLEN L","House (District 17)|Charlotte, Lee, Sarasota",DEMOCRATIC PARTY,Challenger
H4FL26111,"EVANS, RICHARD MR.","House (District 26)|Collier, Miami-Dade, Monroe",REPUBLICAN PARTY,Challenger
H8FL26062,"FAAS, SOURAYA","House (District 28)|Miami-Dade, Monroe",LIBERTARIAN PARTY,Open seat
H6FL13296,"FAY, JOHN T",House (District 13)|Pinellas,DEMOCRATIC PARTY,Challenger
H4FL07145,"FERNANDEZ, HILSIA TATIANA","House (District 7)|Seminole, Volusia",DEMOCRATIC PARTY,Challenger
H2FL07289,"FERNANDEZ, HLSIA","House (District 7)|Seminole, Volusia",DEMOCRATIC PARTY,Challenger
H8FL27110,"FERRER, GABRIEL A",House (District 27)|Miami-Dade,REPUBLICAN PARTY,Challenger
H6FL06258,"FINE, RANDY","House (District 6)|Flagler, Lake, Marion, Putnam, St. Johns, Volusia",REPUBLICAN PARTY,
H6FL13239,"FORD, EARLE",House (District 13)|Pinellas,DEMOCRATIC PARTY,Challenger
H6FL27064,"FORNINO, ALEXANDER",House (District 27)|Miami-Dade,DEMOCRATIC PARTY,Challenger
H4FL13200,"FOX, WHITNEY",House (District 13)|Pinellas,DEMOCRATIC PARTY,Challenger
H2FL14053,"FRANKEL, LOIS J.","House (District 23)|Broward, Palm Beach",DEMOCRATIC PARTY,Incumbent
H0FL15104,"FRANKLIN, SCOTT MR.","House (District 18)|Collier, DeSoto, Glades, Hardee, Hendry, Highlands, Okeechobee, Polk",REPUBLICAN PARTY,Incumbent
H6FL01523,"FRANKMAN, JOHN","House (District 1)|Escambia, Santa Rosa, Okaloosa, Walton",REPUBLICAN PARTY,Challenger
H6FL22149,"FRANZESE, DANIEL JOHN","House (District 22)|Broward, Palm Beach",REPUBLICAN PARTY,Challenger
H2FL21108,"FRANZESE, DANIEL JOHN","House (District 25)|Broward, Miami-Dade",REPUBLICAN PARTY,Challenger
H4FL26095,"FRATTO, JOHN ROBERT","House (District 19)|Collier, Lee",REPUBLICAN PARTY,Open seat
H2FL10259,"FROST, MAXWELL ALEJANDRO",House (District 10)|Orange,DEMOCRATIC PARTY,Incumbent
H6FL06373,"FURRY, WILL","House (District 6)|Flagler, Lake, Marion, Putnam, St. Johns, Volusia",REPUBLICAN PARTY,Challenger
H6FL01119,"GAETZ, MATT","House (District 1)|Escambia, Santa Rosa, Okaloosa, Walton",REPUBLICAN PARTY,Incumbent
H6FL01358,"GAFFNEY, KEVIN JAMES MR.","House (District 1)|Escambia, Santa Rosa, Okaloosa, Walton",REPUBLICAN PARTY,Open seat
H6FL06118,"GALLOWAY, G.G.","House (District 6)|Flagler, Lake, Marion, Putnam, St. Johns, Volusia",REPUBLICAN PARTY,Challenger
H6FL06357,"GAMBARO, CHARLES","House (District 6)|Flagler, Lake, Marion, Putnam, St. Johns, Volusia",REPUBLICAN PARTY,Challenger
H6FL18212,"GIBSON, CURTIS","House (District 18)|Collier, DeSoto, Glades, Hardee, Hendry, Highlands, Okeechobee, Polk",DEMOCRATIC PARTY,Challenger
H6FL26041,"GIL, YURINA","House (District 26)|Collier, Miami-Dade, Monroe",DEMOCRATIC PARTY,Challenger
H0FL26036,"GIMENEZ, CARLOS","House (District 28)|Miami-Dade, Monroe",REPUBLICAN PARTY,Incumbent
S6FL00848,"GLEASON, CHRISTOPHER",Senate|Statewide (All 67 Counties),REPUBLICAN PARTY,Challenger
H2FL24052,"GONZALEZ, PATRICIA","House (District 24)|Broward, Miami-Dade",REPUBLICAN PARTY,Open seat
H6FL05250,"GRAGE, RACHEL","House (District 5)|Duval, St. Johns",DEMOCRATIC PARTY,Challenger
H6FL13312,"GRAY, LEELA J",House (District 13)|Pinellas,DEMOCRATIC PARTY,Challenger
S6FL00376,"GRAYSON, ALAN MARK",Senate|Statewide (All 67 Counties),DEMOCRATIC PARTY,Challenger
H6FL08213,"GRAYSON, ALAN MARK","House (District 7)|Seminole, Volusia",DEMOCRATIC PARTY,
S2FL00581,"GRAYSON, ALAN MARK",Senate|Statewide (All 67 Counties),DEMOCRATIC PARTY,Challenger
H6FL09187,"GRAYSON, DENA MD, PHD MD, PHD","House (District 8)|Brevard, Indian River, Orange",DEMOCRATIC PARTY,Challenger
H6FL02299,"GREEN, AMANDA MARIE","House (District 2)|Bay, Calhoun, Franklin, Gadsden, Gulf, Holmes, Jackson, Jefferson, Lafayette, Leon, Liberty, Madison, Taylor, Wakulla, Washington",DEMOCRATIC PARTY,Open seat
H2FL08139,"GREEN, KAREN REV. DR.","House (District 7)|Seminole, Volusia",DEMOCRATIC PARTY,Open seat
H4FL01247,"GROSS, KEITH","House (District 2)|Bay, Calhoun, Franklin, Gadsden, Gulf, Holmes, Jackson, Jefferson, Lafayette, Leon, Liberty, Madison, Taylor, Wakulla, Washington",REPUBLICAN PARTY,Open seat
H4FL11089,"GROVES, RALPH","House (District 11)|Lake, Orange, Polk, Sumter",LIBERTARIAN PARTY,Open seat
H6FL23162,"GURFEIN, JARED","House (District 23)|Broward, Palm Beach",REPUBLICAN PARTY,Challenger
H4FL22136,"GUTMANN, ANDREW","House (District 22)|Broward, Palm Beach",REPUBLICAN PARTY,Challenger
H4FL11105,"HALL, BARBARA BARBIE HARDEN","House (District 11)|Lake, Orange, Polk, Sumter",DEMOCRATIC PARTY,Open seat
H4FL08168,"HARIDOPOLOS, MIKE","House (District 8)|Brevard, Indian River, Orange",REPUBLICAN PARTY,Incumbent
H6FL03099,"HARP, SETH ALLAN","House (District 3)|Alachua, Baker, Bradford, Columbia, Dixie, Gilchrist, Levy, Marion, Suwannee, Union",DEMOCRATIC PARTY,Challenger
H6FL16117,"HARRIS, JONATHAN","House (District 16)|Hillsborough, Manatee",DEMOCRATIC PARTY,Open seat
H6FL23139,"HARRISON, RAVEN","House (District 25)|Broward, Miami-Dade",REPUBLICAN PARTY,Challenger
H2FL23021,"HASTINGS, ALCEE L","House (District 20)|Broward, Palm Beach",DEMOCRATIC PARTY,Incumbent
H6FL19160,"HAWATMEH, OLA NESHESWAT","House (District 19)|Collier, Lee",REPUBLICAN PARTY,Open seat
H6FL05284,"HAZEN, ALEXANDER","House (District 5)|Duval, St. Johns",DEMOCRATIC PARTY,Challenger
H4FL08101,"HEARTON, JOHN L MR.","House (District 8)|Brevard, Indian River, Orange",REPUBLICAN PARTY,Challenger
H6FL05235,"HEGGESTAD, MARK PETER","House (District 5)|Duval, St. Johns",DEMOCRATIC PARTY,Challenger
H2FL13279,"HENSON, AUDREY",House (District 13)|Pinellas,REPUBLICAN PARTY,Open seat
H2FL04195,"HILL, ANTHONY TONY","House (District 4)|Clay, Duval, Nassau",DEMOCRATIC PARTY,Challenger
H6FL05193,"HOLLOWAY, LASHONDA J","House (District 4)|Clay, Duval, Nassau",DEMOCRATIC PARTY,
H2FL20159,"HOLNESS, DALE V.C. MR.","House (District 20)|Broward, Palm Beach",DEMOCRATIC PARTY,Challenger
H2FL22205,"HOLZHAUER, HAVA","House (District 23)|Broward, Palm Beach",DEMOCRATIC PARTY,Challenger
H6FL03131,"HUBAC, GEORGE EMIL","House (District 3)|Alachua, Baker, Bradford, Columbia, Dixie, Gilchrist, Levy, Marion, Suwannee, Union",DEMOCRATIC PARTY,Challenger
H6FL12199,"IRIZARRY, CHRISTOPHER","House (District 15)|Hillsborough, Pasco, Polk",DEMOCRATIC PARTY,Challenger
H6FL06399,"JENKINS, JENNIFER","House (District 8)|Brevard, Indian River, Orange",DEMOCRATIC PARTY,Challenger
H4FL14158,"JOARDER, EHSAN","House (District 6)|Flagler, Lake, Marion, Putnam, St. Johns, Volusia",REPUBLICAN PARTY,Challenger
H4FL07152,"JOHNSON, MICHAEL","House (District 7)|Seminole, Volusia",REPUBLICAN PARTY,Challenger
H2FL01241,"JONES, BRYAN CHRISTOPHER","House (District 1)|Escambia, Santa Rosa, Okaloosa, Walton",REPUBLICAN PARTY,Challenger
H0FL20112,"JONES, LATERESA ANN","House (District 9)|Orange, Osceola, Polk, Indian River, Okeechobee, Highlands, Glades",REPUBLICAN PARTY,Challenger
S6FL00277,"JONES, LATERESA ANN",Senate|Statewide (All 67 Counties),REPUBLICAN PARTY,Challenger
H2FL01233,"JONES, REBEKAH","House (District 1)|Escambia, Santa Rosa, Okaloosa, Walton",DEMOCRATIC PARTY,Challenger
H6FL20069,"JOSEPH, RODENAY MR.","House (District 20)|Broward, Palm Beach",REPUBLICAN PARTY,Challenger
H2FL17106,"KALE, ANDREA DORIA","House (District 18)|Collier, DeSoto, Glades, Hardee, Hendry, Highlands, Okeechobee, Polk",DEMOCRATIC PARTY,Challenger
H2FL20043,"KAUFMAN, JOE","House (District 25)|Broward, Miami-Dade",REPUBLICAN PARTY,Challenger
H6FL05201,"KAYE, MARK","House (District 5)|Duval, St. Johns",REPUBLICAN PARTY,Challenger
H6FL01333,"KEEBAUGH, CHARLES CLAYTON","House (District 1)|Escambia, Santa Rosa, Okaloosa, Walton",REPUBLICAN PARTY,Challenger
H6FL13262,"KEMP, KARLA",House (District 13)|Pinellas,DEMOCRATIC PARTY,Challenger
H4FL15189,"KEMP, PATRICIA","House (District 15)|Hillsborough, Pasco, Polk",DEMOCRATIC PARTY,Challenger
H4FL08143,"KENNEDY, SANDRA (SANDY) DENISE MS. ESQ","House (District 8)|Brevard, Indian River, Orange",DEMOCRATIC PARTY,Challenger
H6FL07165,"KINTER, MARIALANA","House (District 7)|Seminole, Volusia",DEMOCRATIC PARTY,Challenger
H6FL04220,"KIRWAN, MICHAEL","House (District 4)|Clay, Duval, Nassau",DEMOCRATIC PARTY,Challenger
H6FL04188,"KNOLES, RICKY PATRIC MR","House (District 4)|Clay, Duval, Nassau",DEMOCRATIC PARTY,Challenger
H0FL19247,"KOWAL, DANIEL","House (District 19)|Collier, Lee",REPUBLICAN PARTY,Open seat
H6FL27056,"LAMONDIN, RICHARD",House (District 27)|Miami-Dade,DEMOCRATIC PARTY,Challenger
S6FL00657,"LANG, JAKE",Senate|Statewide (All 67 Counties),REPUBLICAN PARTY,Challenger
H6FL23154,"LARKIN, OLIVER ADAMS","House (District 25)|Broward, Miami-Dade",DEMOCRATIC PARTY,Challenger
H6FL19186,"LAUF, CATALINA","House (District 19)|Collier, Lee",REPUBLICAN PARTY,Open seat
H0FL02086,"LAWSON, ALFRED JR","House (District 2)|Bay, Calhoun, Franklin, Gadsden, Gulf, Holmes, Jackson, Jefferson, Lafayette, Leon, Liberty, Madison, Taylor, Wakulla, Washington",DEMOCRATIC PARTY,Incumbent
H2FL15241,"LEE, LAUREL","House (District 15)|Hillsborough, Pasco, Polk",REPUBLICAN PARTY,Incumbent
H4FL25055,"LEIB, BRYAN","House (District 25)|Broward, Miami-Dade",REPUBLICAN PARTY,Challenger
H2FL12131,"LEISER, CHRISTOPHER MR.","House (District 12)|Citrus, Hernando, Pasco",REPUBLICAN PARTY,Challenger
S2FL00227,"LEMIEUX, GEORGE S",Senate|Statewide (All 67 Counties),REPUBLICAN PARTY,Challenger
H4FL19116,"LERNER, KARI","House (District 19)|Collier, Lee",DEMOCRATIC PARTY,Challenger
H2FL07198,"LE, TUAN A",House (District 10)|Orange,REPUBLICAN PARTY,Challenger
H6FL02323,"LEWIS, NICHOLAS JUSTIN","House (District 2)|Bay, Calhoun, Franklin, Gadsden, Gulf, Holmes, Jackson, Jefferson, Lafayette, Leon, Liberty, Madison, Taylor, Wakulla, Washington",REPUBLICAN PARTY,Open seat
H4FL13176,"LICCIONE, JOHN WILLIAM",House (District 13)|Pinellas,DEMOCRATIC PARTY,Challenger
H6FL26058,"LOCKLIN, NICOLE","House (District 26)|Collier, Miami-Dade, Monroe",DEMOCRATIC PARTY,Challenger
H4FL17052,"LOPEZ, MANNY","House (District 17)|Charlotte, Lee, Sarasota",DEMOCRATIC PARTY,Challenger
H6FL16125,"LYLES, TAMIKA","House (District 16)|Hillsborough, Manatee",DEMOCRATIC PARTY,Open seat
S6FL00673,"LYLES, TAMIKA MS",Senate|Statewide (All 67 Counties),DEMOCRATIC PARTY,Challenger
H6FL13189,"LYNN, ERIC",House (District 13)|Pinellas,DEMOCRATIC PARTY,Open seat
H2FL04203,"MACIE, MARA HEATHER","House (District 5)|Duval, St. Johns",REPUBLICAN PARTY,Challenger
H0FL13133,"MAKKI, AMANDA",House (District 13)|Pinellas,REPUBLICAN PARTY,Open seat
H6FL09260,"MALAVET, JORGE ANTONIO","House (District 9)|Orange, Osceola, Polk, Indian River, Okeechobee, Highlands, Glades",REPUBLICAN PARTY,Challenger
H6FL20077,"MANLEY, ELIJAH","House (District 20)|Broward, Palm Beach",DEMOCRATIC PARTY,Challenger
H2FL20290,"MARINER, JASON","House (District 20)|Broward, Palm Beach",REPUBLICAN PARTY,Challenger
H2FL21165,"MARKS, MARTIN J.","House (District 21)|Martin, Palm Beach, St. Lucie",REPUBLICAN PARTY,Challenger
H6FL11217,"MARTIN, JACK","House (District 12)|Citrus, Hernando, Pasco",REPUBLICAN PARTY,Challenger
H6FL21075,"MARTIN, JAMES","House (District 21)|Martin, Palm Beach, St. Lucie",DEMOCRATIC PARTY,Challenger
H6FL18097,"MAST, BRIAN","House (District 21)|Martin, Palm Beach, St. Lucie",REPUBLICAN PARTY,Incumbent
H6FL20119,"MAXIME, KEDNER","House (District 20)|Broward, Palm Beach",INDEPENDENT,Challenger
H6FL15192,"MCAULEY, DARREN","House (District 12)|Citrus, Hernando, Pasco",DEMOCRATIC PARTY,Challenger
S6FL00236,"MCBRIDE, WILLIAM",Senate|Statewide (All 67 Counties),REPUBLICAN PARTY,Challenger
H4FL05123,"MCGOVERN, JAY","House (District 5)|Duval, St. Johns",DEMOCRATIC PARTY,Challenger
H2FL07206,"MCGOVERN, KEVIN JOHN","House (District 15)|Hillsborough, Pasco, Polk",REPUBLICAN PARTY,Open seat
H6FL22099,"MEDVEDEVA, ANNA","House (District 22)|Broward, Palm Beach",REPUBLICAN PARTY,Challenger
H0FL01146,"MERK, GREGORY CHARLES","House (District 1)|Escambia, Santa Rosa, Okaloosa, Walton",REPUBLICAN PARTY,Open seat
H8FL07062,"MILLER, MIKE","House (District 7)|Seminole, Volusia",REPUBLICAN PARTY,Challenger
H4FL16187,"MILLER, TRENT","House (District 16)|Hillsborough, Manatee",DEMOCRATIC PARTY,Challenger
H2FL07156,"MILLS, CORY","House (District 7)|Seminole, Volusia",REPUBLICAN PARTY,Incumbent
H6FL01143,"MILLS, RALPH JOHN III","House (District 1)|Escambia, Santa Rosa, Okaloosa, Walton",REPUBLICAN PARTY,Challenger
H0FL17118,"MOISE, RUDOLPH DR.","House (District 24)|Broward, Miami-Dade",DEMOCRATIC PARTY,Challenger
H0FL10113,"MONTAGUE, WILLIE",House (District 10)|Orange,REPUBLICAN PARTY,Challenger
H4FL17060,"MONTAVON, MATTHEW","House (District 17)|Charlotte, Lee, Sarasota",DEMOCRATIC PARTY,Challenger
S6FL00640,"MOODY, ASHLEY",Senate|Statewide (All 67 Counties),REPUBLICAN PARTY,Incumbent
H6FL23147,"MORAITIS, GEORGE R","House (District 25)|Broward, Miami-Dade",REPUBLICAN PARTY,Challenger
H2FL09277,"MORALES, ADIANIS","House (District 9)|Orange, Osceola, Polk, Indian River, Okeechobee, Highlands, Glades",REPUBLICAN PARTY,Challenger
H6FL06407,"MORGAN, STEVE","House (District 6)|Flagler, Lake, Marion, Putnam, St. Johns, Volusia",DEMOCRATIC PARTY,Challenger
H2FL22171,"MOSKOWITZ, JARED","House (District 25)|Broward, Miami-Dade",DEMOCRATIC PARTY,Incumbent
S4FL00611,"MUCARSEL-POWELL, DEBBIE",Senate|Statewide (All 67 Counties),DEMOCRATIC PARTY,Challenger
S6FL00806,"MUJICA, HECTOR DANIEL",Senate|Statewide (All 67 Counties),DEMOCRATIC PARTY,Challenger
H6FL06332,"MURCHINSON-RIVERA, RONNIE","House (District 6)|Flagler, Lake, Marion, Putnam, St. Johns, Volusia",DEMOCRATIC PARTY,Challenger
H6FL02364,"MURPHY, LUKE","House (District 2)|Bay, Calhoun, Franklin, Gadsden, Gulf, Holmes, Jackson, Jefferson, Lafayette, Leon, Liberty, Madison, Taylor, Wakulla, Washington",REPUBLICAN PARTY,Open seat
H6FL07140,"MURPHY, STEPHANIE","House (District 7)|Seminole, Volusia",DEMOCRATIC PARTY,Incumbent
H4FL24058,"NAVARRO, JESUS","House (District 24)|Broward, Miami-Dade",REPUBLICAN PARTY,Challenger
H4FL14091,"NEELD, ROBERT M. JR.","House (District 19)|Collier, Lee",DEMOCRATIC PARTY,
S2FL00656,"NGUYEN, QUOC TUAN MR.",Senate|Statewide (All 67 Counties),NO PARTY AFFILIATION,Challenger
S6FL00830,"NIXON, ANGELA",Senate|Statewide (All 67 Counties),DEMOCRATIC PARTY,Challenger
H6FL02356,"NORTON, JIM","House (District 2)|Bay, Calhoun, Franklin, Gadsden, Gulf, Holmes, Jackson, Jefferson, Lafayette, Leon, Liberty, Madison, Taylor, Wakulla, Washington",REPUBLICAN PARTY,Open seat
H6FL19129,"OBERWEIS, JAMES MR.","House (District 19)|Collier, Lee",REPUBLICAN PARTY,Open seat
H0FL23041,"OLIVO, CHRISTINE ALEXANDRIA","House (District 24)|Broward, Miami-Dade",NO PARTY AFFILIATION,Challenger
H0FL09073,"ORTIZ, SERGIO E","House (District 9)|Orange, Osceola, Polk, Indian River, Okeechobee, Highlands, Glades",REPUBLICAN PARTY,Challenger
H6FL21083,"OTT, ROBERT DR.","House (District 21)|Martin, Palm Beach, St. Lucie",NO PARTY AFFILIATION,Challenger
H6FL15200,"OVERMAN, KIMBERLY","House (District 12)|Citrus, Hernando, Pasco",DEMOCRATIC PARTY,Challenger
H6FL21042,"PANDICH, ELIZABETH","House (District 21)|Martin, Palm Beach, St. Lucie",DEMOCRATIC PARTY,Challenger
H6FL27106,"PARNAS, LEV","House (District 22)|Broward, Palm Beach",INDEPENDENT,Challenger
H6FL13247,"PAROS, REGINALD",House (District 13)|Pinellas,DEMOCRATIC PARTY,Challenger
H2FL07230,"PASTRANA, ALLEK","House (District 7)|Seminole, Volusia",DEMOCRATIC PARTY,Challenger
H6FL01390,"PATRONIS, JIMMY JR.","House (District 1)|Escambia, Santa Rosa, Okaloosa, Walton",REPUBLICAN PARTY,Challenger
H0FL13158,"PAULINA LUNA, ANNA",House (District 13)|Pinellas,REPUBLICAN PARTY,Incumbent
H6FL01432,"PEACOCK, JEFF","House (District 1)|Escambia, Santa Rosa, Okaloosa, Walton",REPUBLICAN PARTY,Open seat
H6FL16109,"PEARSON, GLENN KEITH MR","House (District 16)|Hillsborough, Manatee",DEMOCRATIC PARTY,Open seat
H6FL19145,"PEDERSEN, MIKE","House (District 19)|Collier, Lee",REPUBLICAN PARTY,Open seat
H6FL27072,"PEGUERO, ROBIN",House (District 27)|Miami-Dade,DEMOCRATIC PARTY,Challenger
H6FL15168,"PEOPLE, ROBERT","House (District 15)|Hillsborough, Pasco, Polk",DEMOCRATIC PARTY,Challenger
H4FL14109,"PERRY, NEELAM TANEJA DR","House (District 14)|Hillsborough, Pinellas",NO PARTY AFFILIATION,Challenger
H4FL14141,"PETERS, JOHN","House (District 14)|Hillsborough, Pinellas",REPUBLICAN PARTY,Open seat
H8FL15149,"PILKINGTON, JAMES GREGORY","House (District 15)|Hillsborough, Pasco, Polk",DEMOCRATIC PARTY,Open seat
H4FL01270,"PITTMAN, BERNADETTE","House (District 1)|Escambia, Santa Rosa, Okaloosa, Walton",REPUBLICAN PARTY,Challenger
H2FL27071,"POLO, FRANK",House (District 27)|Miami-Dade,REPUBLICAN PARTY,Challenger
H6FL16133,"POPE, EDWARD PETER DR.","House (District 16)|Hillsborough, Manatee",REPUBLICAN PARTY,Open seat
H8FL15107,"POSEY, BILL","House (District 8)|Brevard, Indian River, Orange",REPUBLICAN PARTY,Incumbent
H6FL02315,"POWER, EVAN MR","House (District 2)|Bay, Calhoun, Franklin, Gadsden, Gulf, Holmes, Jackson, Jefferson, Lafayette, Leon, Liberty, Madison, Taylor, Wakulla, Washington",REPUBLICAN PARTY,Open seat
H0FL04033,"PUESCHEL, DEBORAH KATZ","House (District 4)|Clay, Duval, Nassau",WRITE-IN,Open seat
H6FL14112,"QUINN, CHRISTINE YVONNE",House (District 13)|Pinellas,REPUBLICAN PARTY,Challenger
H6FL10185,"RANCE, HOWARD STEVEN","House (District 9)|Orange, Osceola, Polk, Indian River, Okeechobee, Highlands, Glades",REPUBLICAN PARTY,Challenger
H6FL09203,"RENTAS, WANDA","House (District 9)|Orange, Osceola, Polk, Indian River, Okeechobee, Highlands, Glades",REPUBLICAN PARTY,Open seat
H8FL23051,"REYES, CARLOS JOSE JR.","House (District 23)|Broward, Palm Beach",REPUBLICAN PARTY,Challenger
H0FL25038,"RIVERA, DAVID","House (District 26)|Collier, Miami-Dade, Monroe",REPUBLICAN PARTY,Challenger
S6FL00418,"RIVERA, ERNESTO J",Senate|Statewide (All 67 Counties),REPUBLICAN PARTY,Challenger
H6FL04204,"ROBINSON, BRITTNEY","House (District 4)|Clay, Duval, Nassau",DEMOCRATIC PARTY,Challenger
H6FL13254,"ROBINSON, TIMOTHY BRANDT MR",House (District 13)|Pinellas,DEMOCRATIC PARTY,Challenger
H4FL14117,"ROCHFORD, ROBERT ANTHONY ROCKY CAPT","House (District 14)|Hillsborough, Pinellas",REPUBLICAN PARTY,Challenger
H6FL27098,"RODRIGUEZ, ELIOTT",House (District 27)|Miami-Dade,DEMOCRATIC PARTY,Challenger
H8FL27052,"RODRIGUEZ, JOSE JAVIER",House (District 27)|Miami-Dade,DEMOCRATIC PARTY,Open seat
H6FL02331,"ROGERS, AUSTIN","House (District 2)|Bay, Calhoun, Franklin, Gadsden, Gulf, Holmes, Jackson, Jefferson, Lafayette, Leon, Liberty, Madison, Taylor, Wakulla, Washington",REPUBLICAN PARTY,Open seat
H0FL01120,"ROMAGNANO, CHASE ANDERSON ANDY REV.","House (District 1)|Escambia, Santa Rosa, Okaloosa, Walton",REPUBLICAN PARTY,Challenger
H6FL19087,"ROONEY, FRANCIS","House (District 19)|Collier, Lee",REPUBLICAN PARTY,Incumbent
H8FL27029,"ROSEN GONZALEZ, KRISTEN",House (District 27)|Miami-Dade,DEMOCRATIC PARTY,
H6FL02349,"ROWELL, AUDIE","House (District 2)|Bay, Calhoun, Franklin, Gadsden, Gulf, Holmes, Jackson, Jefferson, Lafayette, Leon, Liberty, Madison, Taylor, Wakulla, Washington",REPUBLICAN PARTY,Open seat
S0FL00338,"RUBIO, MARCO",Senate|Statewide (All 67 Counties),REPUBLICAN PARTY,Incumbent
H4FL01288,"RUDMAN, JOEL DR.","House (District 1)|Escambia, Santa Rosa, Okaloosa, Walton",REPUBLICAN PARTY,Open seat
H2FL27089,"RUSSELL, KEN",House (District 27)|Miami-Dade,DEMOCRATIC PARTY,Challenger
H6FL04105,"RUTHERFORD, JOHN","House (District 5)|Duval, St. Johns",REPUBLICAN PARTY,Incumbent
H2FL11117,"SABATINI, ANTHONY","House (District 11)|Lake, Orange, Polk, Sumter",REPUBLICAN PARTY,Open seat
H8FL27185,"SALAZAR, MARIA ELVIRA",House (District 27)|Miami-Dade,REPUBLICAN PARTY,Incumbent
H6FL01374,"SALZMAN, MICHELLE","House (District 1)|Escambia, Santa Rosa, Okaloosa, Walton",REPUBLICAN PARTY,Open seat
H6FL01366,"SALZMAN, MICHELLE","House (District 1)|Escambia, Santa Rosa, Okaloosa, Walton",REPUBLICAN PARTY,Open seat
S2FL00623,"SANCHEZ, WILLIAM",Senate|Statewide (All 67 Counties),DEMOCRATIC PARTY,Challenger
H2FL24037,"SANON-JULES, CHRISTINE ALEXANDRIA","House (District 24)|Broward, Miami-Dade",DEMOCRATIC PARTY,Open seat
H6FL19111,"SAPP, HOWARD","House (District 19)|Collier, Lee",DEMOCRATIC PARTY,Open seat
H8FL03046,"SAPP, JUDSON","House (District 3)|Alachua, Baker, Bradford, Columbia, Dixie, Gilchrist, Levy, Marion, Suwannee, Union",REPUBLICAN PARTY,Open seat
H6FL19301,"SAWYER, LINDA J","House (District 19)|Collier, Lee",REPUBLICAN PARTY,Open seat
H2FL26073,"SCHAFFER, JEREMIAH","House (District 28)|Miami-Dade, Monroe",REPUBLICAN PARTY,Challenger
H2FL01258,"SCHILLER, MARGARET ANN MS","House (District 1)|Escambia, Santa Rosa, Okaloosa, Walton",DEMOCRATIC PARTY,Challenger
H2FL13139,"SCHNEIDER, JAN","House (District 16)|Hillsborough, Manatee",DEMOCRATIC PARTY,Open seat
H4FL16161,"SCHNEIDER, JAN","House (District 16)|Hillsborough, Manatee",DEMOCRATIC PARTY,Challenger
H6FL19137,"SCHWARTZEL, JIM","House (District 19)|Collier, Lee",REPUBLICAN PARTY,Open seat
S8FL00273,"SCOTT, RICK SEN",Senate|Statewide (All 67 Counties),REPUBLICAN PARTY,Incumbent
H6FL06274,"SELMONT, GEORGE AUSTIN","House (District 6)|Flagler, Lake, Marion, Putnam, St. Johns, Volusia",DEMOCRATIC PARTY,Challenger
H2FL20134,"SHARIEF, BARBARA","House (District 20)|Broward, Palm Beach",DEMOCRATIC PARTY,Open seat
H0FL21110,"SHERRILL, REBA","House (District 21)|Martin, Palm Beach, St. Lucie",REPUBLICAN PARTY,Challenger
H6FL08296,"SHOCK, COLBY","House (District 8)|Brevard, Indian River, Orange",DEMOCRATIC PARTY,Challenger
H6FL18204,"SIMMONS, DEVA","House (District 18)|Collier, DeSoto, Glades, Hardee, Hendry, Highlands, Okeechobee, Polk",NO PARTY AFFILIATION,Challenger
H6FL23188,"SINGER, SCOTT M.","House (District 25)|Broward, Miami-Dade",REPUBLICAN PARTY,Challenger
H2FL21124,"SKRBIC, LJUBO DR MD","House (District 21)|Martin, Palm Beach, St. Lucie",REPUBLICAN PARTY,Challenger
H8FL06098,"SODERBERG, NANCY","House (District 6)|Flagler, Lake, Marion, Putnam, St. Johns, Volusia",DEMOCRATIC PARTY,Open seat
H2FL11125,"SORIANO, GAVRIEL ELIYAHU","House (District 14)|Hillsborough, Pinellas",REPUBLICAN PARTY,Challenger
H4FL11121,"SORIANO, GAVRIEL ELIYAHU","House (District 11)|Lake, Orange, Polk, Sumter",REPUBLICAN PARTY,Challenger
H6FL09179,"SOTO, DARREN","House (District 9)|Orange, Osceola, Polk, Indian River, Okeechobee, Highlands, Glades",DEMOCRATIC PARTY,Incumbent
H0FL02110,"SOUTHERLAND, WILLIAM STEVE II","House (District 2)|Bay, Calhoun, Franklin, Gadsden, Gulf, Holmes, Jackson, Jefferson, Lafayette, Leon, Liberty, Madison, Taylor, Wakulla, Washington",REPUBLICAN PARTY,Challenger
H0FL23090,"SPALDING, CARLA A","House (District 20)|Broward, Palm Beach",REPUBLICAN PARTY,
H6FL18121,"SPALDING, CARLA ARLENE","House (District 20)|Broward, Palm Beach",REPUBLICAN PARTY,
H8FL15230,"SPANO, VINCENT ROSS","House (District 15)|Hillsborough, Pasco, Polk",REPUBLICAN PARTY,Incumbent
H4FL16179,"SPEIR, JASON EDWARD","House (District 16)|Hillsborough, Manatee",REPUBLICAN PARTY,Open seat
H6FL17065,"SPENCE, ALLEN L JR","House (District 17)|Charlotte, Lee, Sarasota",DEMOCRATIC PARTY,Challenger
H4FL24041,"SPICER, LAVERN","House (District 24)|Broward, Miami-Dade",REPUBLICAN PARTY,Challenger
H6FL22131,"SRADO, ANTONIO","House (District 22)|Broward, Palm Beach",REPUBLICAN PARTY,Challenger
H8FL06056,"STEARNS, CLIFFORD B.","House (District 3)|Alachua, Baker, Bradford, Columbia, Dixie, Gilchrist, Levy, Marion, Suwannee, Union",REPUBLICAN PARTY,Challenger
H8FL17053,"STEUBE, GREG","House (District 17)|Charlotte, Lee, Sarasota",REPUBLICAN PARTY,Incumbent
H4FL03136,"STEVENS, ALEC","House (District 3)|Alachua, Baker, Bradford, Columbia, Dixie, Gilchrist, Levy, Marion, Suwannee, Union",REPUBLICAN PARTY,Challenger
H4FL03144,"STEVENS, ALEC","House (District 3)|Alachua, Baker, Bradford, Columbia, Dixie, Gilchrist, Levy, Marion, Suwannee, Union",REPUBLICAN PARTY,Challenger
H0FL03209,"ST. GEORGE, JAMES","House (District 3)|Alachua, Baker, Bradford, Columbia, Dixie, Gilchrist, Levy, Marion, Suwannee, Union",REPUBLICAN PARTY,Open seat
H4FL06055,"STOCKTON, JAMES D","House (District 6)|Flagler, Lake, Marion, Putnam, St. Johns, Volusia",DEMOCRATIC PARTY,Challenger
H6FL09252,"STORY, JUSTIN","House (District 9)|Orange, Osceola, Polk, Indian River, Okeechobee, Highlands, Glades",REPUBLICAN PARTY,Challenger
H6FL19194,"STRAND, JOHN","House (District 19)|Collier, Lee",REPUBLICAN PARTY,Open seat
H8FL00034,"TADDEO, ANNETTE",House (District 27)|Miami-Dade,DEMOCRATIC PARTY,Challenger
H6FL21034,"TAYLOR, BERNARD","House (District 21)|Martin, Palm Beach, St. Lucie",DEMOCRATIC PARTY,Challenger
H6FL14161,"TEK, ERGIN AKA BATMAN","House (District 14)|Hillsborough, Pinellas",REPUBLICAN PARTY,Challenger
H6FL06290,"TERRY, RANDALL","House (District 6)|Flagler, Lake, Marion, Putnam, St. Johns, Volusia",INDEPENDENT,Challenger
H6FL01275,"THOMPSON, MICHAEL","House (District 1)|Escambia, Santa Rosa, Okaloosa, Walton",REPUBLICAN PARTY,Open seat
H2FL15191,"TOLEDO, JACKIE","House (District 15)|Hillsborough, Pasco, Polk",REPUBLICAN PARTY,Challenger
H2FL23260,"TROUT, W MICHAEL","House (District 23)|Broward, Palm Beach",DEMOCRATIC PARTY,Challenger
H2FL21066,"TROUT, W. MICHAEL ""MIKE""","House (District 21)|Martin, Palm Beach, St. Lucie",,Challenger
H6FL07223,"ULRICH, SARAH","House (District 7)|Seminole, Volusia",REPUBLICAN PARTY,Challenger
H0FL07143,"VALENTIN, LEO","House (District 7)|Seminole, Volusia",REPUBLICAN PARTY,Challenger
H6FL01325,"VALENTINO, GENE","House (District 1)|Escambia, Santa Rosa, Okaloosa, Walton",REPUBLICAN PARTY,Challenger
H4FL01197,"VALIMONT, JENNIFER GAY","House (District 1)|Escambia, Santa Rosa, Okaloosa, Walton",DEMOCRATIC PARTY,Challenger
H0FL17092,"VEREEN, RODERICK D","House (District 24)|Broward, Miami-Dade",DEMOCRATIC PARTY,
H6FL25043,"VILLATORO, CLAUDIA","House (District 25)|Broward, Miami-Dade",REPUBLICAN PARTY,Challenger
S6FL00855,"VINDMAN, ALEXANDER",Senate|Statewide (All 67 Counties),DEMOCRATIC PARTY,Challenger
H8FL06148,"WALTZ, MICHAEL","House (District 6)|Flagler, Lake, Marion, Putnam, St. Johns, Volusia",REPUBLICAN PARTY,Incumbent
H4FL20023,"WASSERMAN SCHULTZ, DEBBIE","House (District 20)|Broward, Palm Beach",DEMOCRATIC PARTY,Incumbent
H0FL08208,"WEBSTER, DANIEL","House (District 11)|Lake, Orange, Polk, Sumter",REPUBLICAN PARTY,Incumbent
H6FL11241,"WEBSTER, ROYAL MR.","House (District 11)|Lake, Orange, Polk, Sumter",DEMOCRATIC PARTY,Open seat
S2FL00466,"WEIL, JOSHUA",Senate|Statewide (All 67 Counties),DEMOCRATIC PARTY,Challenger
S6FL00756,"WEIL, JOSHUA JOSEPH",Senate|Statewide (All 67 Counties),DEMOCRATIC PARTY,Challenger
H4FL23126,"WEINROTH, ROBERT S.","House (District 23)|Broward, Palm Beach",REPUBLICAN PARTY,Challenger
H6FL14179,"WELDON, DANIEL","House (District 14)|Hillsborough, Pinellas",REPUBLICAN PARTY,Challenger
H8FL03020,"WELLS, THOMAS BECKWITH","House (District 3)|Alachua, Baker, Bradford, Columbia, Dixie, Gilchrist, Levy, Marion, Suwannee, Union",DEMOCRATIC PARTY,Challenger
H6FL22164,"WERTHEIM, HERBERT DR. OD","House (District 22)|Broward, Palm Beach",REPUBLICAN PARTY,Challenger
H4FL10123,"WHITE, VIBERT DR",House (District 10)|Orange,REPUBLICAN PARTY,Challenger
H6FL14146,"WICK, JOHN CHARLES","House (District 14)|Hillsborough, Pinellas",REPUBLICAN PARTY,Challenger
H4FL21096,"WILES, RICK","House (District 21)|Martin, Palm Beach, St. Lucie",REPUBLICAN PARTY,Challenger
H6FL12207,"WILLIAMS, SHAY","House (District 14)|Hillsborough, Pinellas",REPUBLICAN PARTY,Challenger
H6FL12223,"WILLIAMS, SHAY","House (District 12)|Citrus, Hernando, Pasco",REPUBLICAN PARTY,Challenger
H0FL17068,"WILSON, FREDERICA S.","House (District 24)|Broward, Miami-Dade",DEMOCRATIC PARTY,Incumbent
H6FL01341,"WITT, JEFF","House (District 1)|Escambia, Santa Rosa, Okaloosa, Walton",REPUBLICAN PARTY,Open seat
H6FL06340,"YONCE, ERIC","House (District 6)|Flagler, Lake, Marion, Putnam, St. Johns, Volusia",DEMOCRATIC PARTY,Challenger
H6FL02281,"ZATESLO, NICHOLAS","House (District 2)|Bay, Calhoun, Franklin, Gadsden, Gulf, Holmes, Jackson, Jefferson, Lafayette, Leon, Liberty, Madison, Taylor, Wakulla, Washington",DEMOCRATIC PARTY,Open seat
